state,state_name,house_seats,camara_cuota_d_prevista,camara_bancas_d_esperadas,mapa_nuevo_2026,senado_cuota_d_prevista,senado_probabilidad_victoria_d,escenario
AK,Alaska,1,0.4452,0.1505,False,0.4431,0.1356,sin efecto de medio término
AL,Alabama,7,0.2915,1.0599,False,0.3604,0.0026,sin efecto de medio término
AR,Arkansas,4,0.3139,0.3211,False,0.3581,0.0027,sin efecto de medio término
AZ,Arizona,9,0.4697,3.1386,False,,,sin efecto de medio término
CA,California,52,0.615,43.2756,True,,,sin efecto de medio término
CO,Colorado,8,0.5626,4.7184,False,0.5636,0.8942,sin efecto de medio término
CT,Connecticut,5,0.5864,4.379,False,,,sin efecto de medio término
DE,Delaware,1,0.5829,0.8738,False,0.5812,0.9462,sin efecto de medio término
FL,Florida,28,0.4191,7.3321,False,0.4454,0.1412,sin efecto de medio término
GA,Georgia,14,0.48,5.2867,False,0.4985,0.4892,sin efecto de medio término
HI,Hawaii,2,0.6615,1.8271,False,,,sin efecto de medio término
IA,Iowa,4,0.4236,0.5446,False,0.4444,0.1356,sin efecto de medio término
ID,Idaho,2,0.2823,0.1372,False,0.3284,0.0002,sin efecto de medio término
IL,Illinois,17,0.5501,13.1901,False,0.5628,0.892,sin efecto de medio término
IN,Indiana,9,0.3881,1.7958,False,,,sin efecto de medio término
KS,Kansas,4,0.4042,0.9112,False,0.4301,0.086,sin efecto de medio término
KY,Kentucky,6,0.296,0.6858,False,0.3597,0.0024,sin efecto de medio término
LA,Louisiana,6,0.3559,1.3491,False,0.4014,0.0264,sin efecto de medio término
MA,Massachusetts,9,0.7397,8.4738,False,0.634,0.9967,sin efecto de medio término
MD,Maryland,8,0.6625,7.0444,False,,,sin efecto de medio término
ME,Maine,2,0.5473,1.7021,False,0.5433,0.8038,sin efecto de medio término
MI,Michigan,13,0.4902,6.0477,False,0.5022,0.518,sin efecto de medio término
MN,Minnesota,8,0.5157,4.2208,False,0.5301,0.7258,sin efecto de medio término
MO,Missouri,8,0.3899,1.7159,True,,,sin efecto de medio término
MS,Mississippi,4,0.3373,0.6825,False,0.3977,0.0216,sin efecto de medio término
MT,Montana,2,0.3856,0.2276,False,0.41,0.0376,sin efecto de medio término
NC,North Carolina,14,0.4664,4.3954,True,0.4934,0.4481,sin efecto de medio término
ND,North Dakota,1,0.2859,0.0699,False,,,sin efecto de medio término
NE,Nebraska,3,0.3694,0.316,False,0.4087,0.0358,sin efecto de medio término
NH,New Hampshire,2,0.5216,1.6653,False,0.5227,0.6708,sin efecto de medio término
NJ,New Jersey,12,0.534,8.6295,False,0.5382,0.7746,sin efecto de medio término
NM,New Mexico,3,0.5398,2.5375,False,0.5387,0.7777,sin efecto de medio término
NV,Nevada,4,0.4618,2.5379,False,,,sin efecto de medio término
NY,New York,26,0.5779,19.6054,False,,,sin efecto de medio término
OH,Ohio,15,0.4312,4.549,True,0.4546,0.1845,sin efecto de medio término
OK,Oklahoma,5,0.3018,0.3781,False,0.3408,0.001,sin efecto de medio término
OR,Oregon,6,0.5747,4.8161,False,0.5807,0.9458,sin efecto de medio término
PA,Pennsylvania,17,0.4876,7.2392,False,,,sin efecto de medio término
RI,Rhode Island,2,0.5952,1.7618,False,0.5774,0.9378,sin efecto de medio término
SC,South Carolina,7,0.3914,1.1726,False,0.4218,0.0606,sin efecto de medio término
SD,South Dakota,1,0.3042,0.0765,False,0.3652,0.004,sin efecto de medio término
TN,Tennessee,9,0.3268,1.0317,False,0.364,0.0044,sin efecto de medio término
TX,Texas,38,0.4122,10.9158,True,0.4423,0.1267,sin efecto de medio término
UT,Utah,4,0.3559,0.3946,True,,,sin efecto de medio término
VA,Virginia,11,0.5269,6.3291,False,0.5376,0.7722,sin efecto de medio término
VT,Vermont,1,0.8078,0.9587,False,,,sin efecto de medio término
WA,Washington,10,0.5963,8.0563,False,,,sin efecto de medio término
WI,Wisconsin,8,0.489,2.542,False,,,sin efecto de medio término
WV,West Virginia,2,0.26,0.1226,False,0.3035,0.0001,sin efecto de medio término
WY,Wyoming,1,0.229,0.0524,False,0.2829,0.0,sin efecto de medio término
AK,Alaska,1,0.4652,0.1647,False,0.4631,0.2363,efecto moderado
AL,Alabama,7,0.3115,1.1605,False,0.3804,0.0084,efecto moderado
AR,Arkansas,4,0.3339,0.3544,False,0.3781,0.0077,efecto moderado
AZ,Arizona,9,0.4897,3.3622,False,,,efecto moderado
CA,California,52,0.635,44.0298,True,,,efecto moderado
CO,Colorado,8,0.5826,4.9247,False,0.5836,0.9505,efecto moderado
CT,Connecticut,5,0.6064,4.4352,False,,,efecto moderado
DE,Delaware,1,0.6029,0.8852,False,0.6012,0.977,efecto moderado
FL,Florida,28,0.4391,7.9297,False,0.4654,0.2502,efecto moderado
GA,Georgia,14,0.5,5.6454,False,0.5185,0.6468,efecto moderado
HI,Hawaii,2,0.6815,1.8434,False,,,efecto moderado
IA,Iowa,4,0.4436,0.5973,False,0.4644,0.2422,efecto moderado
ID,Idaho,2,0.3023,0.1516,False,0.3484,0.0014,efecto moderado
IL,Illinois,17,0.5701,13.499,False,0.5828,0.9457,efecto moderado
IN,Indiana,9,0.4081,1.9556,False,,,efecto moderado
KS,Kansas,4,0.4242,0.9892,False,0.4501,0.1653,efecto moderado
KY,Kentucky,6,0.316,0.7539,False,0.3797,0.0074,efecto moderado
LA,Louisiana,6,0.3759,1.4651,False,0.4214,0.0615,efecto moderado
MA,Massachusetts,9,0.7597,8.5247,False,0.654,0.9993,efecto moderado
MD,Maryland,8,0.6825,7.1313,False,,,efecto moderado
ME,Maine,2,0.5673,1.7284,False,0.5633,0.8916,efecto moderado
MI,Michigan,13,0.5102,6.397,False,0.5222,0.6731,efecto moderado
MN,Minnesota,8,0.5357,4.4347,False,0.5501,0.8422,efecto moderado
MO,Missouri,8,0.4099,1.8655,True,,,efecto moderado
MS,Mississippi,4,0.3573,0.7457,False,0.4177,0.0496,efecto moderado
MT,Montana,2,0.4056,0.2503,False,0.43,0.0831,efecto moderado
NC,North Carolina,14,0.4864,4.7265,True,0.5134,0.606,efecto moderado
ND,North Dakota,1,0.3059,0.0772,False,,,efecto moderado
NE,Nebraska,3,0.3894,0.3478,False,0.4287,0.0792,efecto moderado
NH,New Hampshire,2,0.5416,1.6942,False,0.5427,0.7975,efecto moderado
NJ,New Jersey,12,0.554,8.8842,False,0.5582,0.8744,efecto moderado
NM,New Mexico,3,0.5598,2.5781,False,0.5587,0.8768,efecto moderado
NV,Nevada,4,0.4818,2.6363,False,,,efecto moderado
NY,New York,26,0.5979,20.1104,False,,,efecto moderado
OH,Ohio,15,0.4512,4.8974,True,0.4746,0.3046,efecto moderado
OK,Oklahoma,5,0.3218,0.4175,False,0.3608,0.0037,efecto moderado
OR,Oregon,6,0.5947,4.9151,False,0.6007,0.9761,efecto moderado
PA,Pennsylvania,17,0.5076,7.69,False,,,efecto moderado
RI,Rhode Island,2,0.6152,1.7835,False,0.5974,0.973,efecto moderado
SC,South Carolina,7,0.4114,1.2816,False,0.4418,0.1229,efecto moderado
SD,South Dakota,1,0.3242,0.0845,False,0.3852,0.0125,efecto moderado
TN,Tennessee,9,0.3468,1.1343,False,0.384,0.0116,efecto moderado
TX,Texas,38,0.4322,11.7725,True,0.4623,0.2281,efecto moderado
UT,Utah,4,0.3759,0.4346,True,,,efecto moderado
VA,Virginia,11,0.5469,6.6159,False,0.5576,0.8746,efecto moderado
VT,Vermont,1,0.8278,0.9628,False,,,efecto moderado
WA,Washington,10,0.6163,8.2194,False,,,efecto moderado
WI,Wisconsin,8,0.509,2.7323,False,,,efecto moderado
WV,West Virginia,2,0.28,0.1356,False,0.3235,0.0003,efecto moderado
WY,Wyoming,1,0.249,0.058,False,0.3029,0.0,efecto moderado
AK,Alaska,1,0.4849,0.1799,False,0.4828,0.3709,promedio de 2018 y 2022
AL,Alabama,7,0.3312,1.2668,False,0.4001,0.0246,promedio de 2018 y 2022
AR,Arkansas,4,0.3536,0.3902,False,0.3978,0.0213,promedio de 2018 y 2022
AZ,Arizona,9,0.5094,3.5884,False,,,promedio de 2018 y 2022
CA,California,52,0.6547,44.7197,True,,,promedio de 2018 y 2022
CO,Colorado,8,0.6023,5.1229,False,0.6033,0.9791,promedio de 2018 y 2022
CT,Connecticut,5,0.6261,4.4862,False,,,promedio de 2018 y 2022
DE,Delaware,1,0.6226,0.8955,False,0.6209,0.992,promedio de 2018 y 2022
FL,Florida,28,0.4588,8.5463,False,0.4851,0.3877,promedio de 2018 y 2022
GA,Georgia,14,0.5197,6.0062,False,0.5382,0.7794,promedio de 2018 y 2022
HI,Hawaii,2,0.7012,1.858,False,,,promedio de 2018 y 2022
IA,Iowa,4,0.4633,0.6532,False,0.4841,0.3792,promedio de 2018 y 2022
ID,Idaho,2,0.322,0.1672,False,0.3681,0.0042,promedio de 2018 y 2022
IL,Illinois,17,0.5898,13.7848,False,0.6025,0.9788,promedio de 2018 y 2022
IN,Indiana,9,0.4278,2.1229,False,,,promedio de 2018 y 2022
KS,Kansas,4,0.4439,1.0703,False,0.4698,0.2808,promedio de 2018 y 2022
KY,Kentucky,6,0.3357,0.8267,False,0.3994,0.0217,promedio de 2018 y 2022
LA,Louisiana,6,0.3956,1.5857,False,0.4411,0.1234,promedio de 2018 y 2022
MA,Massachusetts,9,0.7794,8.5703,False,0.6737,0.9998,promedio de 2018 y 2022
MD,Maryland,8,0.7022,7.2101,False,,,promedio de 2018 y 2022
ME,Maine,2,0.587,1.7524,False,0.583,0.9484,promedio de 2018 y 2022
MI,Michigan,13,0.5299,6.7416,False,0.5419,0.7968,promedio de 2018 y 2022
MN,Minnesota,8,0.5554,4.643,False,0.5698,0.916,promedio de 2018 y 2022
MO,Missouri,8,0.4296,2.0216,True,,,promedio de 2018 y 2022
MS,Mississippi,4,0.377,0.8122,False,0.4374,0.1022,promedio de 2018 y 2022
MT,Montana,2,0.4253,0.2744,False,0.4497,0.1604,promedio de 2018 y 2022
NC,North Carolina,14,0.5061,5.0641,True,0.5331,0.7467,promedio de 2018 y 2022
ND,North Dakota,1,0.3256,0.0851,False,,,promedio de 2018 y 2022
NE,Nebraska,3,0.4091,0.3818,False,0.4484,0.1506,promedio de 2018 y 2022
NH,New Hampshire,2,0.5613,1.7207,False,0.5624,0.8932,promedio de 2018 y 2022
NJ,New Jersey,12,0.5737,9.1227,False,0.5779,0.942,promedio de 2018 y 2022
NM,New Mexico,3,0.5795,2.6151,False,0.5784,0.9402,promedio de 2018 y 2022
NV,Nevada,4,0.5015,2.73,False,,,promedio de 2018 y 2022
NY,New York,26,0.6176,20.5796,False,,,promedio de 2018 y 2022
OH,Ohio,15,0.4709,5.2535,True,0.4943,0.4499,promedio de 2018 y 2022
OK,Oklahoma,5,0.3415,0.4599,False,0.3805,0.0109,promedio de 2018 y 2022
OR,Oregon,6,0.6144,5.0062,False,0.6204,0.9915,promedio de 2018 y 2022
PA,Pennsylvania,17,0.5273,8.1386,False,,,promedio de 2018 y 2022
RI,Rhode Island,2,0.6349,1.8031,False,0.6171,0.9906,promedio de 2018 y 2022
SC,South Carolina,7,0.4311,1.3964,False,0.4615,0.2239,promedio de 2018 y 2022
SD,South Dakota,1,0.3439,0.0931,False,0.4049,0.0296,promedio de 2018 y 2022
TN,Tennessee,9,0.3665,1.2437,False,0.4037,0.0289,promedio de 2018 y 2022
TX,Texas,38,0.4519,12.6514,True,0.482,0.3623,promedio de 2018 y 2022
UT,Utah,4,0.3956,0.4775,True,,,promedio de 2018 y 2022
VA,Virginia,11,0.5666,6.8924,False,0.5773,0.9384,promedio de 2018 y 2022
VT,Vermont,1,0.8475,0.9664,False,,,promedio de 2018 y 2022
WA,Washington,10,0.636,8.3694,False,,,promedio de 2018 y 2022
WI,Wisconsin,8,0.5287,2.9262,False,,,promedio de 2018 y 2022
WV,West Virginia,2,0.2997,0.1497,False,0.3432,0.0009,promedio de 2018 y 2022
WY,Wyoming,1,0.2687,0.0641,False,0.3226,0.0001,promedio de 2018 y 2022
AK,Alaska,1,0.5052,0.1966,False,0.5031,0.5256,ola demócrata
AL,Alabama,7,0.3515,1.3843,False,0.4204,0.06,ola demócrata
AR,Arkansas,4,0.3739,0.4304,False,0.4181,0.0536,ola demócrata
AZ,Arizona,9,0.5297,3.8267,False,,,ola demócrata
CA,California,52,0.675,45.3776,True,,,ola demócrata
CO,Colorado,8,0.6226,5.3211,False,0.6236,0.9928,ola demócrata
CT,Connecticut,5,0.6464,4.5345,False,,,ola demócrata
DE,Delaware,1,0.6429,0.9053,False,0.6412,0.9976,ola demócrata
FL,Florida,28,0.4791,9.2088,False,0.5054,0.5458,ola demócrata
GA,Georgia,14,0.54,6.3836,False,0.5585,0.8791,ola demócrata
HI,Hawaii,2,0.7215,1.8718,False,,,ola demócrata
IA,Iowa,4,0.4836,0.7152,False,0.5044,0.5341,ola demócrata
ID,Idaho,2,0.3423,0.1847,False,0.3884,0.0136,ola demócrata
IL,Illinois,17,0.6101,14.0601,False,0.6228,0.9913,ola demócrata
IN,Indiana,9,0.4481,2.3053,False,,,ola demócrata
KS,Kansas,4,0.4642,1.1581,False,0.4901,0.424,ola demócrata
KY,Kentucky,6,0.356,0.9077,False,0.4197,0.0568,ola demócrata
LA,Louisiana,6,0.4159,1.7165,False,0.4614,0.2236,ola demócrata
MA,Massachusetts,9,0.7997,8.6129,False,0.694,1.0,ola demócrata
MD,Maryland,8,0.7225,7.2846,False,,,ola demócrata
ME,Maine,2,0.6073,1.7751,False,0.6033,0.9792,ola demócrata
MI,Michigan,13,0.5502,7.0953,False,0.5622,0.891,ola demócrata
MN,Minnesota,8,0.5757,4.8539,False,0.5901,0.962,ola demócrata
MO,Missouri,8,0.4499,2.1911,True,,,ola demócrata
MS,Mississippi,4,0.3973,0.8852,False,0.4577,0.1948,ola demócrata
MT,Montana,2,0.4456,0.3014,False,0.47,0.275,ola demócrata
NC,North Carolina,14,0.5264,5.4225,True,0.5534,0.8566,ola demócrata
ND,North Dakota,1,0.3459,0.094,False,,,ola demócrata
NE,Nebraska,3,0.4294,0.4197,False,0.4687,0.2645,ola demócrata
NH,New Hampshire,2,0.5816,1.746,False,0.5827,0.9486,ola demócrata
NJ,New Jersey,12,0.594,9.3549,False,0.5982,0.9762,ola demócrata
NM,New Mexico,3,0.5998,2.6503,False,0.5987,0.975,ola demócrata
NV,Nevada,4,0.5218,2.8228,False,,,ola demócrata
NY,New York,26,0.6379,21.0337,False,,,ola demócrata
OH,Ohio,15,0.4912,5.6325,True,0.5146,0.6083,ola demócrata
OK,Oklahoma,5,0.3618,0.5077,False,0.4008,0.0272,ola demócrata
OR,Oregon,6,0.6347,5.0936,False,0.6407,0.9974,ola demócrata
PA,Pennsylvania,17,0.5476,8.603,False,,,ola demócrata
RI,Rhode Island,2,0.6552,1.8217,False,0.6374,0.997,ola demócrata
SC,South Carolina,7,0.4514,1.5226,False,0.4818,0.3627,ola demócrata
SD,South Dakota,1,0.3642,0.1027,False,0.4252,0.0712,ola demócrata
TN,Tennessee,9,0.3868,1.3655,False,0.424,0.0694,ola demócrata
TX,Texas,38,0.4722,13.5902,True,0.5023,0.5172,ola demócrata
UT,Utah,4,0.4159,0.5254,True,,,ola demócrata
VA,Virginia,11,0.5869,7.1696,False,0.5976,0.9737,ola demócrata
VT,Vermont,1,0.8678,0.9698,False,,,ola demócrata
WA,Washington,10,0.6563,8.5132,False,,,ola demócrata
WI,Wisconsin,8,0.549,3.1319,False,,,ola demócrata
WV,West Virginia,2,0.32,0.1655,False,0.3635,0.0034,ola demócrata
WY,Wyoming,1,0.289,0.0709,False,0.3429,0.001,ola demócrata
