year,state,state_name,split,is_midterm,pres_party,house_seats,house_votes_d,house_votes_r,house_votes_other,house_votes_total,house_dem_share_2p,house_margin_d,house_dem_share_2p_rel,president_party_house_share_2p,house_seats_d,house_seats_r,house_seat_share_d,house_districts_no_d,house_districts_no_r,house_contested_share,house_primary_votes_d,house_primary_votes_r,house_primary_dem_share_2p,senate_race,senate_dr_contest,senate_votes_d,senate_votes_r,senate_votes_other,senate_dem_share_2p,pres_votes_d,pres_votes_r,pres_votes_total,pres_dem_share_2p,pres_dem_share_2p_rel,house_dropoff,nat_house_dem_share_2p,nat_pres_dem_share_2p,house_dem_share_2p_lag,house_dem_share_2p_rel_lag,house_dem_swing,house_seats_d_lag,pres_dem_share_2p_prev,pres_dem_share_2p_rel_prev
2016,AK,Alaska,train,0,D,1,111019,155088,42091,308198,0.4172,-0.1430,-0.0764,0.4172,0,1,0.0000,0,0,1.0000,25057,54528,0.3148,1,1.0000,36200,138149,137092,0.2076,116454,163387,318608,0.4161,-0.0940,0.0327,0.4936,0.5101,,,,,,
2016,AL,Alabama,train,0,D,7,621911,1222018,45756,1889685,0.3373,-0.3176,-0.1563,0.3373,1,6,0.1429,2,1,0.5714,0,445851,0.0000,1,1.0000,748709,1335104,3631,0.3593,729547,1318255,2123372,0.3563,-0.1538,0.1101,0.4936,0.5101,,,,,,
2016,AR,Arkansas,train,0,D,4,111347,760415,196815,1068577,0.1277,-0.6074,-0.3658,0.1277,0,4,0.0000,3,0,0.2500,0,0,,1,1.0000,400602,661984,44936,0.3770,380494,684872,1130676,0.3571,-0.1530,0.0549,0.4936,0.5101,,,,,,
2016,AZ,Arizona,train,0,D,9,1034687,1264378,112999,2412064,0.4500,-0.0952,-0.0435,0.4500,4,5,0.4444,1,1,0.7778,297348,627258,0.3216,1,1.0000,1031245,1359267,140218,0.4314,1161167,1252401,2573165,0.4811,-0.0290,0.0626,0.4936,0.5101,,,,,,
2016,CA,California,train,0,D,53,8624432,4682033,107553,13414018,0.6481,0.2939,0.1546,0.6481,39,14,0.7358,0,10,0.8113,4925449,2624761,0.6524,1,0.0000,12244176,0,0,,8753792,4483814,14181604,0.6613,0.1512,0.0541,0.4936,0.5101,,,,,,
2016,CO,Colorado,train,0,D,7,1263791,1288618,149152,2701561,0.4951,-0.0092,0.0016,0.4951,3,4,0.4286,0,0,1.0000,257032,312551,0.4513,1,1.0000,1370710,1215318,157001,0.5300,1338870,1202484,2780247,0.5268,0.0167,0.0283,0.4936,0.5101,,,,,,
2016,CT,Connecticut,train,0,D,5,916815,558162,100206,1575183,0.6216,0.2277,0.1280,0.6216,5,0,1.0000,0,0,1.0000,0,0,,1,1.0000,920766,552621,122889,0.6249,897572,673215,1644920,0.5714,0.0613,0.0424,0.4936,0.5101,,,,,,
2016,DE,Delaware,train,0,D,1,233554,172301,14785,420640,0.5755,0.1456,0.0819,0.5755,1,0,1.0000,0,0,1.0000,63794,0,1.0000,0,0.0000,,,,,235603,185127,443814,0.5600,0.0499,0.0522,0.4936,0.5101,,,,,,
2016,FL,Florida,train,0,D,27,3985050,4733630,118746,8837426,0.4571,-0.0847,-0.0365,0.4571,11,16,0.4074,1,1,0.9259,527988,850366,0.3831,1,1.0000,4122088,4835191,344541,0.4602,4504975,4617886,9420039,0.4938,-0.0163,0.0618,0.4936,0.5101,,,,,,
2016,GA,Georgia,train,0,D,14,1498437,2272460,1965,3772862,0.3974,-0.2052,-0.0962,0.3974,4,10,0.2857,4,1,0.6429,264931,570693,0.3170,1,1.0000,1599726,2135806,163073,0.4282,1877963,2089104,4114732,0.4734,-0.0367,0.0831,0.4936,0.5101,,,,,,
2016,HI,Hawaii,train,0,D,2,316265,85626,10982,412873,0.7869,0.5586,0.2934,0.7869,2,0,1.0000,0,0,1.0000,186764,26970,0.8738,1,1.0000,306604,92653,17305,0.7679,266891,128847,428937,0.6744,0.1643,0.0375,0.4936,0.5101,,,,,,
2016,IA,Iowa,train,0,D,4,673969,813153,28433,1515555,0.4532,-0.0918,-0.0404,0.4532,1,3,0.2500,0,0,1.0000,94221,94817,0.4984,1,1.0000,549460,926007,65569,0.3724,653669,800983,1566031,0.4494,-0.0607,0.0322,0.4936,0.5101,,,,,,
2016,ID,Idaho,train,0,D,2,208992,447544,25058,681594,0.3183,-0.3500,-0.1752,0.3183,0,2,0.0000,0,0,1.0000,26200,128241,0.1696,1,1.0000,188249,449017,41677,0.2954,189765,409055,690255,0.3169,-0.1932,0.0125,0.4936,0.5101,,,,,,
2016,IL,Illinois,train,0,D,18,2810536,2397436,33795,5241767,0.5397,0.0788,0.0461,0.5397,11,7,0.6111,2,2,0.7778,1611789,1351107,0.5440,1,1.0000,3012940,2184692,294246,0.5797,3090729,2146015,5536424,0.5902,0.0801,0.0532,0.4936,0.5101,,,,,,
2016,IN,Indiana,train,0,D,9,1052901,1442989,162477,2658367,0.4219,-0.1467,-0.0717,0.4219,2,7,0.2222,0,1,0.8889,550226,917165,0.3750,1,1.0000,1158947,1423991,149608,0.4487,1033126,1557286,2734958,0.3988,-0.1113,0.0280,0.4936,0.5101,,,,,,
2016,KS,Kansas,train,0,D,4,317635,694240,161861,1173736,0.3139,-0.3209,-0.1797,0.3139,0,4,0.0000,1,0,0.7500,76227,276896,0.2159,1,1.0000,379740,732376,65806,0.3415,427005,671018,1184402,0.3889,-0.1212,0.0090,0.4936,0.5101,,,,,,
2016,KY,Kentucky,train,0,D,6,516904,1248140,332,1765376,0.2929,-0.4142,-0.2007,0.2929,1,5,0.1667,2,0,0.6667,79212,135156,0.3695,1,1.0000,813246,1090177,42,0.4273,628854,1202971,1924149,0.3433,-0.1668,0.0825,0.4936,0.5101,,,,,,
2016,LA,Louisiana,train,0,D,6,610643,1424567,41428,2076638,0.3000,-0.3919,-0.1935,0.3000,1,5,0.1667,1,1,0.6667,0,0,,1,1.0000,1043104,1722080,52458,0.3772,780154,1178638,2029032,0.3983,-0.1118,-0.0235,0.4936,0.5101,,,,,,
2016,MA,Massachusetts,train,0,D,9,2344518,451121,145049,2940688,0.8386,0.6439,0.3451,0.8386,9,0,1.0000,0,5,0.4444,261262,36515,0.8774,0,0.0000,,,,,1995196,1090893,3325046,0.6465,0.1364,0.1156,0.4936,0.5101,,,,,,
2016,MD,Maryland,train,0,D,8,1636200,962088,109457,2707745,0.6297,0.2490,0.1362,0.6297,7,1,0.8750,0,0,1.0000,843292,380855,0.6889,1,1.0000,1659907,972557,93706,0.6306,1677928,943169,2781446,0.6402,0.1301,0.0265,0.4936,0.5101,,,,,,
2016,ME,Maine,train,0,D,2,386627,357447,500,744574,0.5196,0.0392,0.0260,0.5196,1,1,0.5000,0,0,1.0000,47146,39915,0.5415,0,0.0000,,,,,357735,335593,747927,0.5160,0.0059,0.0045,0.4936,0.5101,,,,,,
2016,MI,Michigan,train,0,D,14,2193980,2243402,233523,4670905,0.4944,-0.0106,0.0009,0.4944,5,9,0.3571,1,0,0.9286,496213,637949,0.4375,0,0.0000,,,,,2268839,2279543,4799284,0.4988,-0.0113,0.0267,0.4936,0.5101,,,,,,
2016,MN,Minnesota,train,0,D,8,1434590,1334686,91156,2860432,0.5180,0.0349,0.0245,0.5180,5,3,0.6250,0,0,1.0000,134000,83657,0.6156,0,0.0000,,,,,1367716,1322951,2944813,0.5083,-0.0018,0.0287,0.4936,0.5101,,,,,,
2016,MO,Missouri,train,0,D,8,1041306,1600524,108249,2750079,0.3942,-0.2033,-0.0994,0.3942,2,6,0.2500,0,0,1.0000,307877,656524,0.3192,1,1.0000,1300200,1378458,123983,0.4854,1071068,1594511,2808605,0.4018,-0.1083,0.0208,0.4936,0.5101,,,,,,
2016,MS,Mississippi,train,0,D,4,449896,680810,51567,1182273,0.3979,-0.1953,-0.0957,0.3979,1,3,0.2500,0,0,1.0000,44533,344632,0.1144,0,0.0000,,,,,485131,700714,1209357,0.4091,-0.1010,0.0224,0.4936,0.5101,,,,,,
2016,MT,Montana,train,0,D,1,205919,285358,16554,507831,0.4192,-0.1564,-0.0744,0.4192,0,1,0.0000,0,0,1.0000,112821,144662,0.4382,0,0.0000,,,,,177709,279240,497147,0.3889,-0.1212,-0.0215,0.4936,0.5101,,,,,,
2016,NC,North Carolina,train,0,D,13,2142661,2447326,8471,4598458,0.4668,-0.0663,-0.0267,0.4668,3,10,0.2308,0,0,1.0000,110537,229518,0.3251,1,1.0000,2128165,2395376,167592,0.4705,2189316,2362631,4741564,0.4810,-0.0291,0.0302,0.4936,0.5101,,,,,,
2016,ND,North Dakota,train,0,D,1,80377,233980,24102,338459,0.2557,-0.4538,-0.2379,0.2557,0,1,0.0000,1,0,0.0000,17122,97276,0.1497,1,1.0000,58116,268788,15597,0.1778,93758,216794,344360,0.3019,-0.2082,0.0171,0.4936,0.5101,,,,,,
2016,NE,Nebraska,train,0,D,3,221069,557557,9640,788266,0.2839,-0.4269,-0.2096,0.2839,0,3,0.0000,1,0,0.6667,49232,189863,0.2059,0,0.0000,,,,,284494,495961,844227,0.3645,-0.1456,0.0663,0.4936,0.5101,,,,,,
2016,NH,New Hampshire,train,0,D,2,336575,316149,64053,716777,0.5156,0.0285,0.0221,0.5156,2,0,1.0000,0,0,1.0000,69727,100095,0.4106,1,1.0000,354649,353632,30859,0.5007,348526,345790,744296,0.5020,-0.0081,0.0370,0.4936,0.5101,,,,,,
2016,NJ,New Jersey,train,0,D,12,1821620,1541631,100060,3463311,0.5416,0.0808,0.0481,0.5416,7,5,0.5833,0,0,1.0000,653291,381599,0.6313,0,0.0000,,,,,2148278,1601933,3874046,0.5728,0.0627,0.1060,0.4936,0.5101,,,,,,
2016,NM,New Mexico,train,0,D,3,436932,343124,70,780126,0.5601,0.1202,0.0666,0.5601,2,1,0.6667,0,0,1.0000,183460,92139,0.6657,0,0.0000,,,,,385234,319667,798319,0.5465,0.0364,0.0228,0.4936,0.5101,,,,,,
2016,NV,Nevada,train,0,D,4,508113,498104,72280,1078497,0.5050,0.0093,0.0114,0.5050,3,1,0.7500,0,0,1.0000,97474,62715,0.6085,1,1.0000,521994,495079,91221,0.5132,539260,512058,1125385,0.5129,0.0028,0.0417,0.4936,0.5101,,,,,,
2016,NY,New York,train,0,D,27,4202198,2140911,773313,7116422,0.6625,0.2897,0.1689,0.6625,18,9,0.6667,0,4,0.8519,193635,45695,0.8091,1,1.0000,4784218,1723920,888167,0.7351,4556118,2819533,7721442,0.6177,0.1076,0.0784,0.4936,0.5101,,,,,,
2016,OH,Ohio,train,0,D,16,2154523,2996017,67815,5218355,0.4183,-0.1613,-0.0752,0.4183,4,12,0.2500,0,0,1.0000,912108,1525525,0.3742,1,1.0000,1996908,3118567,258689,0.3904,2394164,2841005,5496487,0.4573,-0.0528,0.0506,0.4936,0.5101,,,,,,
2016,OK,Oklahoma,train,0,D,5,305222,781691,46331,1133244,0.2808,-0.4204,-0.2127,0.2808,0,5,0.0000,1,1,0.6000,122292,222737,0.3544,1,1.0000,355911,980892,111244,0.2662,420375,949136,1452992,0.3070,-0.2032,0.2201,0.4936,0.5101,,,,,,
2016,OR,Oregon,train,0,D,5,1026851,809048,75966,1911865,0.5593,0.1139,0.0658,0.5593,4,1,0.8000,0,1,0.8000,538164,301621,0.6408,1,1.0000,1105119,651106,196253,0.6293,1002106,782403,2001336,0.5616,0.0515,0.0447,0.4936,0.5101,,,,,,
2016,PA,Pennsylvania,train,0,D,18,2625157,3096576,40819,5762552,0.4588,-0.0818,-0.0348,0.4588,5,13,0.2778,5,2,0.6111,1128201,1300252,0.4646,1,1.0000,2865012,2951702,241797,0.4925,2926441,2970733,6165478,0.4962,-0.0139,0.0654,0.4936,0.5101,,,,,,
2016,RI,Rhode Island,train,0,D,2,263648,141324,26553,431525,0.6510,0.2835,0.1575,0.6510,2,0,1.0000,0,0,1.0000,61074,1270,0.9796,0,0.0000,,,,,252525,180543,464144,0.5831,0.0730,0.0703,0.4936,0.5101,,,,,,
2016,SC,South Carolina,train,0,D,7,778125,1193711,67626,2039462,0.3946,-0.2038,-0.0989,0.3946,1,6,0.1429,0,0,1.0000,19317,67183,0.2233,1,1.0000,704540,1241609,103744,0.3620,855373,1155389,2103027,0.4254,-0.0847,0.0302,0.4936,0.5101,,,,,,
2016,SD,South Dakota,train,0,D,1,132810,237163,0,369973,0.3590,-0.2821,-0.1346,0.3590,0,1,0.0000,0,0,1.0000,0,0,,1,1.0000,104140,265516,0,0.2817,117458,227721,370093,0.3403,-0.1698,0.0003,0.4936,0.5101,,,,,,
2016,TN,Tennessee,train,0,D,9,814181,1493740,83140,2391061,0.3528,-0.2842,-0.1408,0.3528,2,7,0.2222,0,0,1.0000,148761,332050,0.3094,0,0.0000,,,,,870695,1522925,2508027,0.3638,-0.1464,0.0466,0.4936,0.5101,,,,,,
2016,TX,Texas,train,0,D,36,3160535,4877605,490386,8528526,0.3932,-0.2013,-0.1004,0.3932,11,25,0.3056,8,2,0.7222,1058715,2392495,0.3068,0,0.0000,,,,,3877868,4685047,8969226,0.4529,-0.0572,0.0491,0.4936,0.5101,,,,,,
2016,UT,Utah,train,0,D,4,356290,710656,47224,1114170,0.3339,-0.3181,-0.1596,0.3339,0,4,0.0000,0,0,1.0000,0,0,,1,1.0000,301860,760241,53507,0.2842,310676,515231,1131430,0.3762,-0.1339,0.0153,0.4936,0.5101,,,,,,
2016,VA,Virginia,train,0,D,11,1859426,1843010,79812,3782248,0.5022,0.0043,0.0087,0.5022,4,7,0.3636,0,1,0.9091,15728,72903,0.1775,0,0.0000,,,,,1981473,1769443,3984631,0.5283,0.0182,0.0508,0.4936,0.5101,,,,,,
2016,VT,Vermont,train,0,D,1,264414,0,30920,295334,1.0000,0.8953,0.5064,1.0000,1,0,1.0000,0,1,0.0000,67630,3428,0.9518,1,1.0000,192243,103637,17929,0.6497,178573,95369,315067,0.6519,0.1418,0.0626,0.4936,0.5101,,,,,,
2016,WA,Washington,train,0,D,10,1736145,1404890,0,3141035,0.5527,0.1055,0.0592,0.5527,6,4,0.6000,1,1,0.8000,759737,545259,0.5822,1,1.0000,1913979,1329338,0,0.5901,1742718,1221747,3317019,0.5879,0.0778,0.0531,0.4936,0.5101,,,,,,
2016,WI,Wisconsin,train,0,D,8,1379996,1270279,123387,2773662,0.5207,0.0396,0.0271,0.5207,3,5,0.3750,0,2,0.7500,303570,233113,0.5656,1,1.0000,1380335,1479471,88935,0.4827,1382536,1405284,2976150,0.4959,-0.0142,0.0680,0.4936,0.5101,,,,,,
2016,WV,West Virginia,train,0,D,3,224449,445017,16883,686349,0.3353,-0.3214,-0.1583,0.3353,0,3,0.0000,0,0,1.0000,187827,165067,0.5322,0,0.0000,,,,,188794,489371,714423,0.2784,-0.2317,0.0393,0.4936,0.5101,,,,,,
2016,WY,Wyoming,train,0,D,1,75466,156176,20134,251776,0.3258,-0.3206,-0.1678,0.3258,0,1,0.0000,0,0,1.0000,18936,148443,0.1131,0,0.0000,,,,,55973,174419,255849,0.2429,-0.2672,0.0159,0.4936,0.5101,,,,,,
2018,AK,Alaska,train,1,R,1,131199,149779,1188,282166,0.4669,-0.0658,-0.0776,0.5331,0,1,0.0000,1,0,0.0000,40551,70105,0.3665,0,0.0000,,,,,,,,,,,0.5446,,0.4172,-0.0764,0.0497,0,0.4161,-0.0940
2018,AL,Alabama,train,1,R,7,678687,975737,5471,1659895,0.4102,-0.1790,-0.1343,0.5898,1,6,0.1429,0,1,0.8571,116382,370299,0.2391,0,0.0000,,,,,,,,,,,0.5446,,0.3373,-0.1563,0.0730,1,0.3563,-0.1538
2018,AR,Arkansas,train,1,R,4,312978,556339,19981,889298,0.3600,-0.2737,-0.1845,0.6400,0,4,0.0000,0,0,1.0000,40344,107097,0.2736,0,0.0000,,,,,,,,,,,0.5446,,0.1277,-0.3658,0.2323,0,0.3571,-0.1530
2018,AZ,Arizona,train,1,R,9,1179193,1139251,22826,2341270,0.5086,0.0171,-0.0360,0.4914,5,4,0.5556,0,1,0.8889,480782,575517,0.4552,1,1.0000,1191100,1135200,58008,0.5120,,,,,,,0.5446,,0.4500,-0.0435,0.0586,4,0.4811,-0.0290
2018,CA,California,train,1,R,53,8010445,3973396,200681,12184522,0.6684,0.3313,0.1239,0.3316,46,7,0.8679,1,10,0.7925,4189106,2262787,0.6493,1,0.0000,11113364,0,0,,,,,,,,0.5446,,0.6481,0.1546,0.0203,39,0.6613,0.1512
2018,CO,Colorado,train,1,R,7,1343211,1079772,90923,2513906,0.5544,0.1048,0.0098,0.4456,4,3,0.5714,0,0,1.0000,580796,436182,0.5711,0,0.0000,,,,,,,,,,,0.5446,,0.4951,0.0016,0.0592,3,0.5268,0.0167
2018,CT,Connecticut,train,1,R,5,808652,512495,58661,1379808,0.6121,0.2146,0.0675,0.3879,5,0,1.0000,0,0,1.0000,39657,32098,0.5527,1,1.0000,787685,545717,53438,0.5907,,,,,,,0.5446,,0.6216,0.1280,-0.0095,5,0.5714,0.0613
2018,DE,Delaware,train,1,R,1,227353,125384,1077,353814,0.6445,0.2882,0.1000,0.3555,1,0,1.0000,0,0,1.0000,0,36932,0.0000,1,1.0000,217385,137127,8094,0.6132,,,,,,,0.5446,,0.5755,0.0819,0.0691,1,0.5600,0.0499
2018,FL,Florida,train,1,R,27,3307228,3675417,38831,7021476,0.4736,-0.0524,-0.0709,0.5264,13,14,0.4815,4,5,0.6667,1092027,707749,0.6068,1,1.0000,4089472,4099505,1028,0.4994,,,,,,,0.5446,,0.4571,-0.0365,0.0166,11,0.4938,-0.0163
2018,GA,Georgia,train,1,R,14,1814469,1987191,683,3802343,0.4773,-0.0454,-0.0673,0.5227,5,9,0.3571,1,1,0.8571,529669,524784,0.5023,0,0.0000,,,,,,,,,,,0.5446,,0.3974,-0.0962,0.0799,4,0.4734,-0.0367
2018,HI,Hawaii,train,1,R,2,287921,87348,7063,382332,0.7672,0.5246,0.2227,0.2328,2,0,1.0000,0,0,1.0000,232009,25243,0.9019,1,1.0000,276316,112035,0,0.7115,,,,,,,0.5446,,0.7869,0.2934,-0.0197,2,0.6744,0.1643
2018,IA,Iowa,train,1,R,4,664676,612338,39634,1316648,0.5205,0.0398,-0.0241,0.4795,3,1,0.7500,0,0,1.0000,172905,95010,0.6454,0,0.0000,,,,,,,,,,,0.5446,,0.4532,-0.0404,0.0673,1,0.4494,-0.0607
2018,ID,Idaho,train,1,R,2,207303,367993,20428,595724,0.3603,-0.2697,-0.1842,0.6397,0,2,0.0000,0,0,1.0000,55070,171476,0.2431,0,0.0000,,,,,,,,,,,0.5446,,0.3183,-0.1752,0.0420,0,0.3169,-0.1932
2018,IL,Illinois,train,1,R,18,2757540,1754449,27715,4539704,0.6112,0.2210,0.0666,0.3888,13,5,0.7222,0,0,1.0000,1220901,640187,0.6560,0,0.0000,,,,,,,,,,,0.5446,,0.5397,0.0461,0.0715,11,0.5902,0.0801
2018,IN,Indiana,train,1,R,9,1000104,1247978,8067,2256149,0.4449,-0.1099,-0.0997,0.5551,2,7,0.2222,0,0,1.0000,292879,491801,0.3732,1,1.0000,1023553,1158000,101012,0.4692,,,,,,,0.5446,,0.4219,-0.0717,0.0230,2,0.3988,-0.1113
2018,KS,Kansas,train,1,R,4,464380,563190,22752,1050322,0.4519,-0.0941,-0.0927,0.5481,1,3,0.2500,0,0,1.0000,149706,306652,0.3280,0,0.0000,,,,,,,,,,,0.5446,,0.3139,-0.1797,0.1380,0,0.3889,-0.1212
2018,KY,Kentucky,train,1,R,6,612977,935304,21517,1569798,0.3959,-0.2053,-0.1487,0.6041,1,5,0.1667,0,0,1.0000,318325,161102,0.6640,0,0.0000,,,,,,,,,,,0.5446,,0.2929,-0.2007,0.1031,1,0.3433,-0.1668
2018,LA,Louisiana,train,1,R,6,553184,835715,71694,1460593,0.3983,-0.1934,-0.1463,0.6017,1,5,0.1667,0,1,0.8333,0,0,,0,0.0000,,,,,,,,,,,0.5446,,0.3000,-0.1935,0.0983,1,0.3983,-0.1118
2018,MA,Massachusetts,train,1,R,9,1943597,497953,43531,2485081,0.7961,0.5817,0.2515,0.2039,9,0,1.0000,0,4,0.5556,648520,132070,0.8308,1,1.0000,1633371,979210,94509,0.6252,,,,,,,0.5446,,0.8386,0.3451,-0.0426,9,0.6465,0.1364
2018,MD,Maryland,train,1,R,8,1493047,737906,55331,2286284,0.6692,0.3303,0.1247,0.3308,7,1,0.8750,0,0,1.0000,582934,183386,0.7607,1,1.0000,1491614,697017,111258,0.6815,,,,,,,0.5446,,0.6297,0.1362,0.0395,7,0.6402,0.1301
2018,ME,Maine,train,1,R,2,333208,245372,53097,631677,0.5759,0.1391,0.0313,0.4241,2,0,1.0000,0,0,1.0000,119587,83726,0.5882,1,1.0000,66268,223502,344639,0.2287,,,,,,,0.5446,,0.5196,0.0260,0.0563,1,0.5160,0.0059
2018,MI,Michigan,train,1,R,14,2175003,1853459,126241,4154703,0.5399,0.0774,-0.0047,0.4601,7,7,0.5000,0,1,0.9286,1094386,842150,0.5651,1,1.0000,2214478,1938818,83975,0.5332,,,,,,,0.5446,,0.4944,0.0009,0.0455,5,0.4988,-0.0113
2018,MN,Minnesota,train,1,R,8,1420769,1125533,30694,2576996,0.5580,0.1146,0.0134,0.4420,5,3,0.6250,0,0,1.0000,490939,257337,0.6561,1,1.0000,2936714,2036214,211307,0.5905,,,,,,,0.5446,,0.5180,0.0245,0.0399,5,0.5083,-0.0018
2018,MO,Missouri,train,1,R,8,1027969,1330975,59469,2418413,0.4358,-0.1253,-0.1088,0.5642,2,6,0.2500,0,0,1.0000,560834,652207,0.4623,1,1.0000,1112935,1254927,74427,0.4700,,,,,,,0.5446,,0.3942,-0.0994,0.0416,2,0.4018,-0.1083
2018,MS,Mississippi,train,1,R,4,398770,471162,68971,938903,0.4584,-0.0771,-0.0862,0.5416,1,3,0.2500,0,1,0.7500,81996,186634,0.3052,1,1.0000,369567,547619,1872084,0.4029,,,,,,,0.5446,,0.3979,-0.0957,0.0605,1,0.4091,-0.1010
2018,MT,Montana,train,1,R,1,233284,256661,14476,504421,0.4761,-0.0463,-0.0684,0.5239,0,1,0.0000,0,0,1.0000,111915,136406,0.4507,1,1.0000,253876,235963,14545,0.5183,,,,,,,0.5446,,0.4192,-0.0744,0.0570,0,0.3889,-0.1212
2018,NC,North Carolina,train,1,R,13,1771061,1846041,46224,3663326,0.4896,-0.0205,-0.0549,0.5104,3,9,0.2308,1,0,0.9231,376557,245461,0.6054,0,0.0000,,,,,,,,,,,0.5446,,0.4668,-0.0267,0.0228,3,0.4810,-0.0291
2018,ND,North Dakota,train,1,R,1,114377,193568,13587,321532,0.3714,-0.2463,-0.1732,0.6286,0,1,0.0000,1,0,0.0000,33801,66465,0.3371,1,1.0000,144376,179720,2042,0.4455,,,,,,,0.5446,,0.2557,-0.2379,0.1157,0,0.3019,-0.2082
2018,NE,Nebraska,train,1,R,3,264493,432077,0,696570,0.3797,-0.2406,-0.1649,0.6203,0,3,0.0000,0,0,1.0000,91520,163051,0.3595,1,1.0000,269917,403151,25815,0.4010,,,,,,,0.5446,,0.2839,-0.2096,0.0958,0,0.3645,-0.1456
2018,NH,New Hampshire,train,1,R,2,311242,248986,10516,570744,0.5556,0.1091,0.0110,0.4444,2,0,1.0000,0,0,1.0000,121041,93326,0.5646,0,0.0000,,,,,,,,,,,0.5446,,0.5156,0.0221,0.0399,2,0.5020,-0.0081
2018,NJ,New Jersey,train,1,R,12,1856819,1198664,43260,3098743,0.6077,0.2124,0.0631,0.3923,11,1,0.9167,0,0,1.0000,410695,225893,0.6452,1,1.0000,1711654,1357355,100301,0.5577,,,,,,,0.5446,,0.5416,0.0481,0.0661,7,0.5728,0.0627
2018,NM,New Mexico,train,1,R,3,404026,264701,24584,693311,0.6042,0.2010,0.0596,0.3958,3,0,1.0000,0,0,1.0000,161568,72496,0.6903,1,1.0000,376998,212813,107201,0.6392,,,,,,,0.5446,,0.5601,0.0666,0.0440,2,0.5465,0.0364
2018,NV,Nevada,train,1,R,4,491272,439727,29775,960774,0.5277,0.0536,-0.0169,0.4723,3,1,0.7500,0,0,1.0000,137622,137507,0.5002,1,1.0000,490071,441202,40859,0.5262,,,,,,,0.5446,,0.5050,0.0114,0.0227,3,0.5129,0.0028
2018,NY,New York,train,1,R,27,3760566,1639593,548514,5948673,0.6964,0.3565,0.1518,0.3036,21,6,0.7778,0,6,0.7778,343322,21472,0.9411,1,1.0000,3755489,1730439,573095,0.6846,,,,,,,0.5446,,0.6625,0.1689,0.0339,18,0.6177,0.1076
2018,OH,Ohio,train,1,R,16,2084854,2295373,32341,4412568,0.4760,-0.0477,-0.0686,0.5240,4,12,0.2500,0,0,1.0000,604956,755554,0.4447,1,1.0000,2358508,2057559,1017,0.5341,,,,,,,0.5446,,0.4183,-0.0752,0.0577,4,0.4573,-0.0528
2018,OK,Oklahoma,train,1,R,5,428452,730531,19853,1178836,0.3697,-0.2563,-0.1749,0.6303,1,4,0.2000,0,0,1.0000,490230,402695,0.5490,0,0.0000,,,,,,,,,,,0.5446,,0.2808,-0.2127,0.0889,0,0.3070,-0.2032
2018,OR,Oregon,train,1,R,5,1061412,702531,83703,1847646,0.6017,0.1942,0.0572,0.3983,4,1,0.8000,0,1,0.8000,390482,257546,0.6026,0,0.0000,,,,,,,,,,,0.5446,,0.5593,0.0658,0.0424,4,0.5616,0.0515
2018,PA,Pennsylvania,train,1,R,18,2712665,2206260,23338,4942263,0.5515,0.1025,0.0069,0.4485,9,9,0.5000,0,1,0.9444,784604,682324,0.5349,1,1.0000,2792437,2134848,83683,0.5667,,,,,,,0.5446,,0.4588,-0.0348,0.0927,5,0.4962,-0.0139
2018,RI,Rhode Island,train,1,R,2,242575,129838,867,373280,0.6514,0.3020,0.1068,0.3486,2,0,1.0000,0,0,1.0000,105870,25065,0.8086,1,1.0000,231477,144421,840,0.6158,,,,,,,0.5446,,0.6510,0.1575,0.0003,2,0.5831,0.0730
2018,SC,South Carolina,train,1,R,7,758340,927494,23458,1709292,0.4498,-0.0990,-0.0947,0.5502,2,5,0.2857,0,0,1.0000,208770,246881,0.4582,0,0.0000,,,,,,,,,,,0.5446,,0.3946,-0.0989,0.0552,1,0.4254,-0.0847
2018,SD,South Dakota,train,1,R,1,121033,202695,12237,335965,0.3739,-0.2431,-0.1707,0.6261,0,1,0.0000,0,0,1.0000,0,100711,0.0000,0,0.0000,,,,,,,,,,,0.5446,,0.3590,-0.1346,0.0149,0,0.3403,-0.1698
2018,TN,Tennessee,train,1,R,9,846450,1279655,33720,2159825,0.3981,-0.2006,-0.1465,0.6019,2,7,0.2222,0,0,1.0000,351365,717395,0.3288,1,1.0000,985450,1227483,30807,0.4453,,,,,,,0.5446,,0.3528,-0.1408,0.0453,2,0.3638,-0.1464
2018,TX,Texas,train,1,R,36,3852752,4135359,214597,8202708,0.4823,-0.0345,-0.0623,0.5177,13,23,0.3611,0,4,0.8889,1213819,1553347,0.4387,1,1.0000,4045632,4260553,65470,0.4871,,,,,,,0.5446,,0.3932,-0.1004,0.0891,11,0.4529,-0.0572
2018,UT,Utah,train,1,R,4,374009,617307,61190,1052506,0.3773,-0.2312,-0.1673,0.6227,1,3,0.2500,0,0,1.0000,12712,90562,0.1231,1,1.0000,328541,665215,69141,0.3306,,,,,,,0.5446,,0.3339,-0.1596,0.0434,0,0.3762,-0.1339
2018,VA,Virginia,train,1,R,11,1867061,1408701,37449,3313211,0.5700,0.1383,0.0254,0.4300,7,4,0.6364,0,1,0.9091,185891,108240,0.6320,1,1.0000,1910370,1374313,67074,0.5816,,,,,,,0.5446,,0.5022,0.0087,0.0677,4,0.5283,0.0182
2018,VT,Vermont,train,1,R,1,188547,70705,13199,272451,0.7273,0.4325,0.1827,0.2727,1,0,1.0000,0,0,1.0000,66744,24579,0.7309,1,0.0000,0,74815,197809,,,,,,,,0.5446,,1.0000,0.5064,-0.2727,1,0.6519,0.1418
2018,WA,Washington,train,1,R,10,1888593,899744,233614,3021951,0.6773,0.3272,0.1327,0.3227,7,3,0.7000,0,3,0.7000,1022020,516456,0.6643,1,1.0000,1803364,1282804,0,0.5843,,,,,,,0.5446,,0.5527,0.0592,0.1246,6,0.5879,0.0778
2018,WI,Wisconsin,train,1,R,8,1367492,1121043,83120,2571655,0.5495,0.0958,0.0049,0.4505,3,5,0.3750,0,1,0.8750,494418,387409,0.5607,1,1.0000,1472914,1184885,2964,0.5542,,,,,,,0.5446,,0.5207,0.0271,0.0288,3,0.4959,-0.0142
2018,WV,West Virginia,train,1,R,3,234568,337146,6277,577991,0.4103,-0.1775,-0.1343,0.5897,0,3,0.0000,0,0,1.0000,153313,114524,0.5724,1,1.0000,290510,271113,24411,0.5173,,,,,,,0.5446,,0.3353,-0.1583,0.0750,0,0.2784,-0.2317
2018,WY,Wyoming,train,1,R,1,59903,127963,13379,201245,0.3189,-0.3382,-0.2257,0.6811,0,1,0.0000,0,0,1.0000,16959,111013,0.1325,1,1.0000,61227,136210,5983,0.3101,,,,,,,0.5446,,0.3258,-0.1678,-0.0069,0,0.2429,-0.2672
2020,AK,Alaska,train,0,R,1,159856,192126,1183,353165,0.4542,-0.0914,-0.0609,0.5458,0,1,0.0000,1,0,0.0000,62047,68270,0.4761,1,1.0000,146068,191112,17407,0.4332,153778,189951,359530,0.4474,-0.0744,0.0177,0.5151,0.5218,0.4669,-0.0776,-0.0128,0,0.4161,-0.0940
2020,AL,Alabama,train,0,R,7,608809,1416012,26838,2051659,0.3007,-0.3934,-0.2144,0.6993,1,6,0.1429,2,1,0.5714,126342,487663,0.2058,1,1.0000,920478,1392076,3891,0.3980,849624,1441170,2323282,0.3709,-0.1509,0.1169,0.5151,0.5218,0.4102,-0.1343,-0.1096,1,0.3563,-0.1538
2020,AR,Arkansas,train,0,R,4,330485,828266,20645,1179396,0.2852,-0.4221,-0.2299,0.7148,0,4,0.0000,1,0,0.7500,0,0,,1,0.0000,0,793871,399390,,423932,760647,1219069,0.3579,-0.1639,0.0325,0.5151,0.5218,0.3600,-0.1845,-0.0748,0,0.3571,-0.1530
2020,AZ,Arizona,train,0,R,9,1629318,1638516,415,3268249,0.4986,-0.0028,-0.0165,0.5014,5,4,0.5556,0,0,1.0000,645276,682213,0.4861,1,1.0000,1716467,1637661,1189,0.5117,1672143,1661686,3387326,0.5016,-0.0202,0.0352,0.5151,0.5218,0.5086,-0.0360,-0.0100,5,0.4811,-0.0290
2020,CA,California,train,0,R,53,11084234,5640667,0,16724901,0.6627,0.3255,0.1477,0.3373,42,11,0.7925,0,7,0.8679,5989859,2973959,0.6682,0,0.0000,,,,,11110639,6006518,17501380,0.6491,0.1273,0.0444,0.5151,0.5218,0.6684,0.1239,-0.0057,46,0.6613,0.1512
2020,CO,Colorado,train,0,R,7,1679052,1378248,107683,3164983,0.5492,0.0950,0.0341,0.4508,4,3,0.5714,0,0,1.0000,868872,535611,0.6186,1,1.0000,1731114,1429492,75184,0.5477,1804352,1364607,3256980,0.5694,0.0476,0.0282,0.5151,0.5218,0.5544,0.0098,-0.0052,4,0.5268,0.0167
2020,CT,Connecticut,train,0,R,5,1022792,676650,73485,1772927,0.6018,0.1952,0.0868,0.3982,5,0,1.0000,0,0,1.0000,0,34713,0.0000,0,0.0000,,,,,1080831,714717,1823857,0.6020,0.0802,0.0279,0.5151,0.5218,0.6121,0.0675,-0.0102,5,0.5714,0.0613
2020,DE,Delaware,train,0,R,1,281382,196392,10496,488270,0.5889,0.1741,0.0739,0.4111,1,0,1.0000,0,0,1.0000,0,53080,0.0000,1,1.0000,291804,186054,13077,0.6107,296268,200603,504346,0.5963,0.0745,0.0319,0.5151,0.5218,0.6445,0.1000,-0.0556,1,0.5600,0.0499
2020,FL,Florida,train,0,R,27,4942287,5469164,53340,10464791,0.4747,-0.0503,-0.0404,0.5253,11,16,0.4074,2,1,0.8889,718745,1081211,0.3993,0,0.0000,,,,,5297045,5668731,11067456,0.4831,-0.0387,0.0545,0.5151,0.5218,0.4736,-0.0709,0.0011,13,0.4938,-0.0163
2020,GA,Georgia,train,0,R,14,2393089,2490396,126,4883611,0.4900,-0.0199,-0.0250,0.5100,6,8,0.4286,0,0,1.0000,1175859,1158968,0.5036,1,1.0000,9311867,9299557,224975,0.5003,2473633,2461854,4999960,0.5012,-0.0206,0.0233,0.5151,0.5218,0.4773,-0.0673,0.0128,5,0.4734,-0.0367
2020,HI,Hawaii,train,0,R,2,354762,155215,16558,526535,0.6956,0.3790,0.1806,0.3044,2,0,1.0000,0,0,1.0000,263666,68109,0.7947,0,0.0000,,,,,366130,196864,574469,0.6503,0.1285,0.0834,0.5151,0.5218,0.7672,0.2227,-0.0716,2,0.6744,0.1643
2020,IA,Iowa,train,0,R,4,762271,859418,17774,1639463,0.4700,-0.0593,-0.0450,0.5300,1,3,0.2500,0,0,1.0000,264106,236155,0.5279,1,1.0000,754859,864997,120235,0.4660,759061,897672,1690871,0.4582,-0.0636,0.0304,0.5151,0.5218,0.5205,-0.0241,-0.0504,3,0.4494,-0.0607
2020,ID,Idaho,train,0,R,2,255531,561405,32973,849909,0.3128,-0.3599,-0.2023,0.6872,0,2,0.0000,0,0,1.0000,75679,212932,0.2622,1,1.0000,285864,538446,35517,0.3468,287021,554119,867934,0.3412,-0.1806,0.0208,0.5151,0.5218,0.3603,-0.1842,-0.0475,0,0.3169,-0.1932
2020,IL,Illinois,train,0,R,18,3355487,2416929,104403,5876819,0.5813,0.1597,0.0662,0.4187,13,5,0.7222,0,1,0.9444,1477157,497678,0.7480,1,1.0000,3278930,2319870,370101,0.5856,3471915,2446891,6033744,0.5866,0.0648,0.0260,0.5151,0.5218,0.6112,0.0666,-0.0299,13,0.5902,0.0801
2020,IN,Indiana,train,0,R,9,1194901,1738745,62798,2996444,0.4073,-0.1815,-0.1078,0.5927,2,7,0.2222,0,0,1.0000,467147,523439,0.4716,0,0.0000,,,,,1242498,1729857,3033210,0.4180,-0.1038,0.0121,0.5151,0.5218,0.4449,-0.0997,-0.0376,2,0.3988,-0.1113
2020,KS,Kansas,train,0,R,4,557258,775898,25797,1358953,0.4180,-0.1609,-0.0971,0.5820,1,3,0.2500,0,0,1.0000,191219,400832,0.3230,1,1.0000,571530,727962,0,0.4398,570323,771406,1373986,0.4251,-0.0967,0.0109,0.5151,0.5218,0.4519,-0.0927,-0.0339,1,0.3889,-0.1212
2020,KY,Kentucky,train,0,R,6,735419,1363964,16512,2115895,0.3503,-0.2971,-0.1648,0.6497,1,5,0.1667,0,0,1.0000,183457,358251,0.3387,1,1.0000,816257,1233315,85485,0.3983,772474,1326646,2136768,0.3680,-0.1538,0.0098,0.5151,0.5218,0.3959,-0.1487,-0.0456,1,0.3433,-0.1668
2020,LA,Louisiana,train,0,R,6,727402,1323561,49945,2100908,0.3547,-0.2838,-0.1604,0.6453,1,5,0.1667,0,0,1.0000,0,0,,1,1.0000,730989,1267291,73263,0.3658,856034,1255776,2148062,0.4054,-0.1164,0.0220,0.5151,0.5218,0.3983,-0.1463,-0.0436,1,0.3983,-0.1118
2020,MA,Massachusetts,train,0,R,9,2482596,699001,145061,3326658,0.7803,0.5362,0.2652,0.2197,9,0,1.0000,0,4,0.5556,1301885,149314,0.8971,1,1.0000,2357809,1177765,28562,0.6669,2382202,1167202,3631402,0.6712,0.1494,0.0839,0.5151,0.5218,0.7961,0.2515,-0.0158,9,0.6465,0.1364
2020,MD,Maryland,train,0,R,8,1912740,1028150,13280,2954170,0.6504,0.2994,0.1353,0.3496,7,1,0.8750,0,0,1.0000,970180,300421,0.7636,0,0.0000,,,,,1985023,976414,3037030,0.6703,0.1485,0.0273,0.5151,0.5218,0.6692,0.1247,-0.0188,7,0.6402,0.1301
2020,ME,Maine,train,0,R,2,468978,340236,48,809262,0.5795,0.1591,0.0645,0.4205,2,0,1.0000,0,0,1.0000,160491,83685,0.6573,1,1.0000,347223,417645,54315,0.4540,435072,360737,819461,0.5467,0.0249,0.0124,0.5151,0.5218,0.5759,0.0313,0.0036,2,0.5160,0.0059
2020,MI,Michigan,train,0,R,14,2688527,2617881,116732,5423140,0.5067,0.0130,-0.0084,0.4933,7,7,0.5000,0,0,1.0000,1185630,1018137,0.5380,1,1.0000,2734568,2642233,102919,0.5086,2804040,2649852,5539302,0.5141,-0.0076,0.0210,0.5151,0.5218,0.5399,-0.0047,-0.0333,7,0.4988,-0.0113
2020,MN,Minnesota,train,0,R,8,1554373,1474820,164616,3193809,0.5131,0.0249,-0.0019,0.4869,4,4,0.5000,0,0,1.0000,464778,185143,0.7151,1,1.0000,1566522,1398145,249589,0.5284,1717077,1484065,3277171,0.5364,0.0146,0.0254,0.5151,0.5218,0.5580,0.0134,-0.0448,5,0.5083,-0.0018
2020,MO,Missouri,train,0,R,8,1172135,1725732,75554,2973421,0.4045,-0.1862,-0.1106,0.5955,2,6,0.2500,0,0,1.0000,517202,650197,0.4430,0,0.0000,,,,,1253014,1718736,3025962,0.4216,-0.1001,0.0174,0.5151,0.5218,0.4358,-0.1088,-0.0313,2,0.4018,-0.1083
2020,MS,Mississippi,train,0,R,4,421014,806832,0,1227846,0.3429,-0.3142,-0.1722,0.6571,1,3,0.2500,1,0,0.7500,202925,244294,0.4537,1,1.0000,578691,709511,23152,0.4492,539398,756764,1313759,0.4162,-0.1056,0.0654,0.5151,0.5218,0.4584,-0.0862,-0.1155,1,0.4091,-0.1010
2020,MT,Montana,train,0,R,1,262340,339169,0,601509,0.4361,-0.1277,-0.0789,0.5639,0,1,0.0000,0,0,1.0000,149136,216476,0.4079,1,1.0000,272463,333174,0,0.4499,244786,343602,603674,0.4160,-0.1058,0.0036,0.5151,0.5218,0.4761,-0.0684,-0.0400,0,0.3889,-0.1212
2020,NC,North Carolina,train,0,R,13,2660535,2631336,33374,5325245,0.5028,0.0055,-0.0123,0.4972,5,8,0.3846,0,1,0.9231,886328,340955,0.7222,1,1.0000,2569965,2665598,239389,0.4909,2684292,2758775,5524804,0.4932,-0.0286,0.0361,0.5151,0.5218,0.4896,-0.0549,0.0131,3,0.4810,-0.0291
2020,ND,North Dakota,train,0,R,1,98089,245394,12316,355799,0.2856,-0.4140,-0.2295,0.7144,0,1,0.0000,1,0,0.0000,34487,929,0.9738,0,0.0000,,,,,115042,235751,362024,0.3279,-0.1938,0.0172,0.5151,0.5218,0.3714,-0.1732,-0.0858,0,0.3019,-0.2082
2020,NE,Nebraska,train,0,R,3,326018,585234,30046,941298,0.3578,-0.2754,-0.1573,0.6422,0,3,0.0000,0,0,1.0000,156605,276164,0.3619,1,1.0000,227191,583507,119314,0.2802,374583,556846,956383,0.4022,-0.1196,0.0158,0.5151,0.5218,0.3797,-0.1649,-0.0219,0,0.3645,-0.1456
2020,NH,New Hampshire,train,0,R,2,413895,354045,19162,787102,0.5390,0.0760,0.0239,0.4610,2,0,1.0000,0,0,1.0000,148102,133151,0.5266,1,1.0000,450778,326229,18907,0.5801,424937,365660,806205,0.5375,0.0157,0.0237,0.5151,0.5218,0.5556,0.0110,-0.0166,2,0.5020,-0.0081
2020,NJ,New Jersey,train,0,R,12,2539187,1843088,50748,4433023,0.5794,0.1570,0.0644,0.4206,10,2,0.8333,0,1,0.9167,930846,392708,0.7033,1,1.0000,2541239,1817091,82210,0.5831,2608400,1883313,4549457,0.5807,0.0589,0.0256,0.5151,0.5218,0.6077,0.0631,-0.0283,11,0.5728,0.0627
2020,NM,New Mexico,train,0,R,3,495781,407786,117,903684,0.5487,0.0974,0.0336,0.4513,2,1,0.6667,0,0,1.0000,235055,154819,0.6029,1,1.0000,474483,418483,24271,0.5314,501614,401894,923965,0.5552,0.0334,0.0219,0.5151,0.5218,0.6042,0.0596,-0.0555,3,0.5465,0.0364
2020,NV,Nevada,train,0,R,4,665526,633827,56254,1355607,0.5122,0.0234,-0.0029,0.4878,3,1,0.7500,0,0,1.0000,204931,187513,0.5222,0,0.0000,,,,,703486,669890,1405376,0.5122,-0.0096,0.0354,0.5151,0.5218,0.5277,-0.0169,-0.0155,3,0.5129,0.0028
2020,NY,New York,train,0,R,27,4728613,2696791,801682,8227086,0.6368,0.2470,0.1218,0.3632,19,8,0.7037,0,2,0.9259,1060375,206828,0.8368,0,0.0000,,,,,5244886,3251997,8616861,0.6173,0.0955,0.0452,0.5151,0.5218,0.6964,0.1518,-0.0596,21,0.6177,0.1076
2020,OH,Ohio,train,0,R,16,2451500,3247887,57153,5756540,0.4301,-0.1383,-0.0849,0.5699,4,12,0.2500,1,0,0.9375,738346,731025,0.5025,0,0.0000,,,,,2679165,3154834,5922202,0.4592,-0.0626,0.0280,0.5151,0.5218,0.4760,-0.0686,-0.0458,4,0.4573,-0.0528
2020,OK,Oklahoma,train,0,R,5,475731,1044175,31477,1551383,0.3130,-0.3664,-0.2021,0.6870,0,5,0.0000,0,0,1.0000,175438,259307,0.4035,1,1.0000,509763,979140,67458,0.3424,503890,1020280,1560699,0.3306,-0.1912,0.0060,0.5151,0.5218,0.3697,-0.1749,-0.0567,1,0.3070,-0.2032
2020,OR,Oregon,train,0,R,5,1285339,966786,56064,2308189,0.5707,0.1380,0.0557,0.4293,4,1,0.8000,0,0,1.0000,589473,361733,0.6197,1,1.0000,1321047,912814,87388,0.5914,1340383,958448,2374321,0.5831,0.0613,0.0279,0.5151,0.5218,0.6017,0.0572,-0.0310,4,0.5616,0.0515
2020,PA,Pennsylvania,train,0,R,18,3346712,3432595,8568,6787875,0.4937,-0.0127,-0.0214,0.5063,9,9,0.5000,0,0,1.0000,1503609,1113123,0.5746,0,0.0000,,,,,3458229,3377674,6936976,0.5059,-0.0159,0.0215,0.5151,0.5218,0.5515,0.0069,-0.0578,9,0.4962,-0.0139
2020,RI,Rhode Island,train,0,R,2,312636,109894,65887,488417,0.7399,0.4151,0.2248,0.2601,2,0,1.0000,0,1,0.5000,70326,10190,0.8734,1,1.0000,328574,164855,833,0.6659,307486,199922,517757,0.6060,0.0842,0.0567,0.5151,0.5218,0.6514,0.1068,0.0886,2,0.5831,0.0730
2020,SC,South Carolina,train,0,R,7,1076799,1412684,15959,2505442,0.4325,-0.1341,-0.0825,0.5675,1,6,0.1429,0,0,1.0000,120755,159179,0.4314,1,1.0000,1110828,1369137,35139,0.4479,1091541,1385103,2513329,0.4407,-0.0811,0.0031,0.5151,0.5218,0.4498,-0.0947,-0.0173,2,0.4254,-0.0847
2020,SD,South Dakota,train,0,R,1,0,321984,75748,397732,0.0000,-0.8096,-0.5151,1.0000,0,1,0.0000,1,0,0.0000,0,93275,0.0000,1,1.0000,143987,276232,0,0.3426,150471,261043,422609,0.3657,-0.1561,0.0589,0.5151,0.5218,0.3739,-0.1707,-0.3739,0,0.3403,-0.1698
2020,TN,Tennessee,train,0,R,9,1105537,1685255,50952,2841744,0.3961,-0.2040,-0.1189,0.6039,2,7,0.2222,0,1,0.8889,331331,555565,0.3736,1,1.0000,1040691,1840926,78144,0.3611,1143711,1852475,3053851,0.3817,-0.1401,0.0695,0.5151,0.5218,0.3981,-0.1465,-0.0020,2,0.3638,-0.1464
2020,TX,Texas,train,0,R,36,4896673,5926712,270241,11093626,0.4524,-0.0928,-0.0626,0.5476,13,23,0.3611,0,0,1.0000,2047670,2126522,0.4906,1,1.0000,4888764,5962983,292293,0.4505,5259126,5890347,11315056,0.4717,-0.0501,0.0196,0.5151,0.5218,0.4823,-0.0623,-0.0299,13,0.4529,-0.0572
2020,UT,Utah,train,0,R,4,505946,873347,52939,1432232,0.3668,-0.2565,-0.1483,0.6332,0,4,0.0000,0,0,1.0000,22909,240508,0.0870,0,0.0000,,,,,560282,865140,1488289,0.3931,-0.1287,0.0377,0.5151,0.5218,0.3773,-0.1673,-0.0105,1,0.3762,-0.1339
2020,VA,Virginia,train,0,R,11,2253974,2047635,33827,4335436,0.5240,0.0476,0.0089,0.4760,7,4,0.6364,1,0,0.9091,216862,75231,0.7424,1,1.0000,2466500,1934199,26614,0.5605,2413568,1962430,4460524,0.5515,0.0298,0.0280,0.5151,0.5218,0.5700,0.0254,-0.0460,7,0.5283,0.0182
2020,VT,Vermont,train,0,R,1,238833,95830,20177,354840,0.7137,0.4030,0.1986,0.2863,1,0,1.0000,0,0,1.0000,106402,44192,0.7065,0,0.0000,,,,,242820,112704,367428,0.6830,0.1612,0.0343,0.5151,0.5218,0.7273,0.1827,-0.0136,1,0.6519,0.1418
2020,WA,Washington,train,0,R,10,2340356,1545436,58441,3944233,0.6023,0.2015,0.0872,0.3977,7,3,0.7000,0,1,0.9000,1332945,927150,0.5898,0,0.0000,,,,,2369612,1584651,4087631,0.5993,0.0775,0.0351,0.5151,0.5218,0.6773,0.1327,-0.0750,7,0.5879,0.0778
2020,WI,Wisconsin,train,0,R,8,1566671,1661399,9981,3238051,0.4853,-0.0293,-0.0297,0.5147,3,5,0.3750,0,0,1.0000,495289,371386,0.5715,0,0.0000,,,,,1630866,1610184,3298041,0.5032,-0.0186,0.0182,0.5151,0.5218,0.5495,0.0049,-0.0642,3,0.4959,-0.0142
2020,WV,West Virginia,train,0,R,3,246903,514268,0,761171,0.3244,-0.3513,-0.1907,0.6756,0,3,0.0000,0,0,1.0000,171691,192477,0.4715,1,1.0000,210309,547454,0,0.2775,235984,545382,794731,0.3020,-0.2198,0.0422,0.5151,0.5218,0.4103,-0.1343,-0.0859,0,0.2784,-0.2317
2020,WY,Wyoming,train,0,R,1,66576,185732,18584,270892,0.2639,-0.4399,-0.2512,0.7361,0,1,0.0000,0,0,1.0000,23576,107363,0.1801,1,1.0000,73766,198100,0,0.2713,73491,193559,276765,0.2752,-0.2466,0.0212,0.5151,0.5218,0.3189,-0.2257,-0.0550,0,0.2429,-0.2672
2022,AK,Alaska,train,1,D,1,128553,129379,5678,263610,0.4984,-0.0031,0.0117,0.4984,1,0,1.0000,0,0,1.0000,70295,116667,0.3760,1,1.0000,27145,232532,2028,0.1045,,,,,,,0.4867,,0.4542,-0.0609,0.0442,0,0.4474,-0.0744
2022,AL,Alabama,train,1,D,7,318540,942393,82777,1343710,0.2526,-0.4643,-0.2341,0.2526,1,6,0.1429,2,0,0.7143,48623,263721,0.1557,1,1.0000,436746,942154,35338,0.3167,,,,,,,0.4867,,0.3007,-0.2144,-0.0481,1,0.3709,-0.1509
2022,AR,Arkansas,train,1,D,4,271771,598000,25331,895102,0.3125,-0.3645,-0.1743,0.3125,0,4,0.0000,0,0,1.0000,0,247714,0.0000,1,1.0000,280187,592437,28682,0.3211,,,,,,,0.4867,,0.2852,-0.2299,0.0273,0,0.3579,-0.1639
2022,AZ,Arizona,train,1,D,9,1004462,1324961,30655,2360078,0.4312,-0.1358,-0.0555,0.4312,3,6,0.3333,2,0,0.7778,461791,749070,0.3814,1,1.0000,1322027,1196308,53959,0.5250,,,,,,,0.4867,,0.4986,-0.0165,-0.0674,5,0.5016,-0.0202
2022,CA,California,train,1,D,52,6822766,3780637,52965,10656368,0.6435,0.2855,0.1567,0.6435,40,12,0.7692,0,8,0.8462,4328712,2469080,0.6368,1,1.0000,13180929,8434479,0,0.6098,,,,,,,0.4867,,0.6627,0.1477,-0.0193,42,0.6491,0.1273
2022,CO,Colorado,train,1,D,8,1365427,1050960,55757,2472144,0.5651,0.1272,0.0783,0.5651,5,3,0.6250,0,0,1.0000,508675,608318,0.4554,1,1.0000,1397170,1031693,71338,0.5752,,,,,,,0.4867,,0.5492,0.0341,0.0159,4,0.5694,0.0476
2022,CT,Connecticut,train,1,D,5,712823,521387,27141,1261351,0.5776,0.1518,0.0908,0.5776,5,0,1.0000,0,0,1.0000,0,16517,0.0000,1,1.0000,701175,535943,22769,0.5668,,,,,,,0.4867,,0.6018,0.0868,-0.0243,5,0.6020,0.0802
2022,DE,Delaware,train,1,D,1,178416,138201,5050,321667,0.5635,0.1250,0.0768,0.5635,1,0,1.0000,0,0,1.0000,0,0,,0,0.0000,,,,,,,,,,,0.4867,,0.5889,0.0739,-0.0254,1,0.5963,0.0745
2022,FL,Florida,train,1,D,28,2905702,4271196,155406,7332304,0.4049,-0.1862,-0.0819,0.4049,8,20,0.2857,3,1,0.8571,746811,1471364,0.3367,1,1.0000,3201522,4474847,81645,0.4171,,,,,,,0.4867,,0.4747,-0.0404,-0.0698,11,0.4831,-0.0387
2022,GA,Georgia,train,1,D,14,1863870,2044102,14,3907986,0.4769,-0.0461,-0.0098,0.4769,5,9,0.3571,0,0,1.0000,720561,1218043,0.3717,1,1.0000,3766750,3629686,81365,0.5093,,,,,,,0.4867,,0.4900,-0.0250,-0.0131,6,0.5012,-0.0206
2022,HI,Hawaii,train,1,D,2,271953,124091,5130,401174,0.6867,0.3686,0.1999,0.6867,2,0,1.0000,0,0,1.0000,229176,60302,0.7917,1,1.0000,290894,106358,11265,0.7323,,,,,,,0.4867,,0.6956,0.1806,-0.0090,2,0.6503,0.1285
2022,IA,Iowa,train,1,D,4,526460,677857,7383,1211700,0.4371,-0.1249,-0.0496,0.4371,0,4,0.0000,0,0,1.0000,147297,180236,0.4497,1,1.0000,533330,681501,1815,0.4390,,,,,,,0.4867,,0.4700,-0.0450,-0.0329,1,0.4582,-0.0636
2022,ID,Idaho,train,1,D,2,180997,395351,7280,583628,0.3140,-0.3673,-0.1727,0.3140,0,2,0.0000,0,0,1.0000,32207,249627,0.1143,1,1.0000,169808,358539,62543,0.3214,,,,,,,0.4867,,0.3128,-0.2023,0.0012,0,0.3412,-0.1806
2022,IL,Illinois,train,1,D,17,2271361,1768782,9262,4049405,0.5622,0.1241,0.0755,0.5622,14,3,0.8235,0,1,0.9412,828400,724901,0.5333,1,1.0000,2329136,1701055,68705,0.5779,,,,,,,0.4867,,0.5813,0.0662,-0.0191,13,0.5866,0.0648
2022,IN,Indiana,train,1,D,9,716412,1108575,31862,1856849,0.3926,-0.2112,-0.0942,0.3926,2,7,0.2222,0,0,1.0000,185202,395816,0.3188,1,1.0000,704480,1090390,65284,0.3925,,,,,,,0.4867,,0.4073,-0.1078,-0.0148,2,0.4180,-0.1038
2022,KS,Kansas,train,1,D,4,425322,569567,6928,1001817,0.4275,-0.1440,-0.0592,0.4275,1,3,0.2500,0,0,1.0000,243195,440861,0.3555,1,1.0000,372214,602976,29766,0.3817,,,,,,,0.4867,,0.4180,-0.0971,0.0095,1,0.4251,-0.0967
2022,KY,Kentucky,train,1,D,6,490921,953296,19201,1463418,0.3399,-0.3160,-0.1468,0.3399,1,5,0.1667,0,0,1.0000,166708,314214,0.3466,1,1.0000,564311,913326,193,0.3819,,,,,,,0.4867,,0.3503,-0.1648,-0.0104,1,0.3680,-0.1538
2022,LA,Louisiana,train,1,D,6,318932,773701,40491,1133124,0.2919,-0.4013,-0.1949,0.2919,1,5,0.1667,2,1,0.5000,0,0,,1,1.0000,481065,876843,25382,0.3543,,,,,,,0.4867,,0.3547,-0.1604,-0.0628,1,0.4054,-0.1164
2022,MA,Massachusetts,train,1,D,9,1636400,706790,14807,2357997,0.6984,0.3942,0.2116,0.6984,9,0,1.0000,0,1,0.8889,671696,197712,0.7726,0,0.0000,,,,,,,,,,,0.4867,,0.7803,0.2652,-0.0819,9,0.6712,0.1494
2022,MD,Maryland,train,1,D,8,1291446,690463,13819,1995728,0.6516,0.3011,0.1649,0.6516,7,1,0.8750,0,0,1.0000,654245,257933,0.7172,1,1.0000,1316897,682293,3146,0.6587,,,,,,,0.4867,,0.6504,0.1353,0.0012,7,0.6703,0.1485
2022,ME,Maine,train,1,D,2,372827,270523,22208,665558,0.5795,0.1537,0.0928,0.5795,2,0,1.0000,0,0,1.0000,68691,59194,0.5371,0,0.0000,,,,,,,,,,,0.4867,,0.5795,0.0645,-0.0000,2,0.5467,0.0249
2022,MI,Michigan,train,1,D,13,2184504,2083361,107672,4375537,0.5118,0.0231,0.0251,0.5118,7,6,0.5385,1,0,0.9231,880360,1042643,0.4578,0,0.0000,,,,,,,,,,,0.4867,,0.5067,-0.0084,0.0052,7,0.5141,-0.0076
2022,MN,Minnesota,train,1,D,8,1250518,1200855,44459,2495832,0.5101,0.0199,0.0234,0.5101,4,4,0.5000,0,0,1.0000,309004,211029,0.5942,0,0.0000,,,,,,,,,,,0.4867,,0.5131,-0.0019,-0.0030,4,0.5364,0.0146
2022,MO,Missouri,train,1,D,8,794978,1223617,41494,2060089,0.3938,-0.2081,-0.0929,0.3938,2,6,0.2500,0,0,1.0000,353273,633003,0.3582,1,1.0000,872694,1146966,49470,0.4321,,,,,,,0.4867,,0.4045,-0.1106,-0.0107,2,0.4216,-0.1001
2022,MS,Mississippi,train,1,D,4,251202,454329,3569,709100,0.3560,-0.2865,-0.1307,0.3560,1,3,0.2500,0,0,1.0000,74023,285005,0.2062,0,0.0000,,,,,,,,,,,0.4867,,0.3429,-0.1722,0.0132,1,0.4162,-0.1056
2022,MT,Montana,train,1,D,2,158745,245081,59806,463632,0.3931,-0.1862,-0.0936,0.3931,0,2,0.0000,0,0,1.0000,94865,182382,0.3422,0,0.0000,,,,,,,,,,,0.4867,,0.4361,-0.0789,-0.0430,0,0.4160,-0.1058
2022,NC,North Carolina,train,1,D,14,1795170,1956906,8677,3760753,0.4784,-0.0430,-0.0083,0.4784,7,7,0.5000,0,0,1.0000,424321,673880,0.3864,1,1.0000,1784049,1905786,84089,0.4835,,,,,,,0.4867,,0.5028,-0.0123,-0.0243,5,0.4932,-0.0286
2022,ND,North Dakota,train,1,D,1,0,148399,90187,238586,0.0000,-0.6220,-0.4867,0.0000,0,1,0.0000,1,0,0.0000,21954,71133,0.2358,1,1.0000,59995,135474,44671,0.3069,,,,,,,0.4867,,0.2856,-0.2295,-0.2856,0,0.3279,-0.1938
2022,NE,Nebraska,train,1,D,3,235572,414599,13016,663187,0.3623,-0.2699,-0.1244,0.3623,0,3,0.0000,0,0,1.0000,99936,270422,0.2698,0,0.0000,,,,,,,,,,,0.4867,,0.3578,-0.1573,0.0046,0,0.4022,-0.1196
2022,NH,New Hampshire,train,1,D,2,339027,277808,711,617546,0.5496,0.0991,0.0629,0.5496,2,0,1.0000,0,0,1.0000,91322,139269,0.3960,1,1.0000,332490,275631,12854,0.5467,,,,,,,0.4867,,0.5390,0.0239,0.0107,2,0.5375,0.0157
2022,NJ,New Jersey,train,1,D,12,1416422,1160260,33034,2609716,0.5497,0.0982,0.0630,0.5497,9,3,0.7500,0,0,1.0000,413294,320192,0.5635,0,0.0000,,,,,,,,,,,0.4867,,0.5794,0.0644,-0.0297,10,0.5807,0.0589
2022,NM,New Mexico,train,1,D,3,387665,316352,109,704126,0.5506,0.1013,0.0639,0.5506,3,0,1.0000,0,0,1.0000,122707,101345,0.5477,0,0.0000,,,,,,,,,,,0.4867,,0.5487,0.0336,0.0020,2,0.5552,0.0334
2022,NV,Nevada,train,1,D,4,480774,515535,13194,1009503,0.4826,-0.0344,-0.0042,0.4826,3,1,0.7500,0,0,1.0000,128411,219381,0.3692,1,1.0000,498316,490388,32146,0.5040,,,,,,,0.4867,,0.5122,-0.0029,-0.0296,3,0.5122,-0.0096
2022,NY,New York,train,1,D,26,3028115,2233120,501022,5762257,0.5756,0.1380,0.0888,0.5756,15,11,0.5769,0,2,0.9231,592336,184521,0.7625,1,1.0000,3022822,2204499,625386,0.5783,,,,,,,0.4867,,0.6368,0.1218,-0.0613,19,0.6173,0.0955
2022,OH,Ohio,train,1,D,15,1790614,2318993,104,4109711,0.4357,-0.1286,-0.0510,0.4357,5,10,0.3333,0,0,1.0000,425929,892436,0.3231,1,1.0000,1939489,2192114,1739,0.4694,,,,,,,0.4867,,0.4301,-0.0849,0.0056,4,0.4592,-0.0626
2022,OK,Oklahoma,train,1,D,5,356988,760639,28684,1146311,0.3194,-0.3521,-0.1673,0.3194,0,5,0.0000,0,0,1.0000,0,352247,0.0000,1,1.0000,774759,1450603,75851,0.3481,,,,,,,0.4867,,0.3130,-0.2021,0.0064,0,0.3306,-0.1912
2022,OR,Oregon,train,1,D,6,1012725,851991,42224,1906940,0.5431,0.0843,0.0564,0.5431,4,2,0.6667,0,0,1.0000,479306,330978,0.5915,1,1.0000,1076424,788991,62534,0.5770,,,,,,,0.4867,,0.5707,0.0557,-0.0276,4,0.5831,0.0613
2022,PA,Pennsylvania,train,1,D,17,2436919,2702262,41704,5180885,0.4742,-0.0512,-0.0126,0.4742,9,8,0.5294,3,1,0.7647,1095183,1222691,0.4725,1,1.0000,2751012,2487260,137613,0.5252,,,,,,,0.4867,,0.4937,-0.0214,-0.0195,9,0.5059,-0.0159
2022,RI,Rhode Island,train,1,D,2,201750,150024,6049,357823,0.5735,0.1446,0.0868,0.5735,2,0,1.0000,0,0,1.0000,102712,19088,0.8433,0,0.0000,,,,,,,,,,,0.4867,,0.7399,0.2248,-0.1664,2,0.6060,0.0842
2022,SC,South Carolina,train,1,D,7,517129,1056078,29134,1602341,0.3287,-0.3364,-0.1580,0.3287,1,6,0.1429,2,0,0.7143,74966,227571,0.2478,1,1.0000,627616,1066274,1812,0.3705,,,,,,,0.4867,,0.4325,-0.0825,-0.1038,1,0.4407,-0.0811
2022,SD,South Dakota,train,1,D,1,0,253821,74020,327841,0.0000,-0.7742,-0.4867,0.0000,0,1,0.0000,1,0,0.0000,0,119373,0.0000,1,1.0000,91007,242316,14697,0.2730,,,,,,,0.4867,,0.0000,-0.5151,0.0000,0,0.3657,-0.1561
2022,TN,Tennessee,train,1,D,9,581902,1099462,29061,1710425,0.3461,-0.3026,-0.1407,0.3461,1,8,0.1111,0,0,1.0000,244746,496589,0.3301,0,0.0000,,,,,,,,,,,0.4867,,0.3961,-0.1189,-0.0500,2,0.3817,-0.1401
2022,TX,Texas,train,1,D,38,2999053,4559280,193428,7751761,0.3968,-0.2013,-0.0900,0.3968,13,25,0.3421,6,0,0.8421,1061257,1866995,0.3624,0,0.0000,,,,,,,,,,,0.4867,,0.4524,-0.0626,-0.0556,13,0.4717,-0.0501
2022,UT,Utah,train,1,D,4,342078,670924,50256,1063258,0.3377,-0.3093,-0.1491,0.3377,0,4,0.0000,0,0,1.0000,0,409158,0.0000,1,0.0000,0,571974,504094,,,,,,,,0.4867,,0.3668,-0.1483,-0.0291,0,0.3931,-0.1287
2022,VA,Virginia,train,1,D,11,1572296,1462049,13294,3047639,0.5182,0.0362,0.0314,0.5182,6,5,0.5455,0,0,1.0000,50645,113840,0.3079,0,0.0000,,,,,,,,,,,0.4867,,0.5240,0.0089,-0.0058,7,0.5515,0.0298
2022,VT,Vermont,train,1,D,1,176494,78397,27135,282026,0.6924,0.3478,0.2057,0.6924,1,0,1.0000,0,0,1.0000,100914,26778,0.7903,1,1.0000,196575,80468,10057,0.7095,,,,,,,0.4867,,0.7137,0.1986,-0.0212,1,0.6830,0.1612
2022,WA,Washington,train,1,D,10,1751591,1261966,12630,3026187,0.5812,0.1618,0.0945,0.5812,8,2,0.8000,0,0,1.0000,1039993,819908,0.5592,1,1.0000,1741827,1299322,6751,0.5728,,,,,,,0.4867,,0.6023,0.0872,-0.0210,7,0.5993,0.0775
2022,WI,Wisconsin,train,1,D,8,1012955,1403080,115289,2531324,0.4193,-0.1541,-0.0675,0.4193,2,6,0.2500,2,0,0.7500,384618,613176,0.3855,1,1.0000,1310467,1337185,4825,0.4950,,,,,,,0.4867,,0.4853,-0.0297,-0.0661,3,0.5032,-0.0186
2022,WV,West Virginia,train,1,D,2,149706,312004,10372,472082,0.3242,-0.3438,-0.1625,0.3242,0,2,0.0000,0,0,1.0000,71478,146385,0.3281,0,0.0000,,,,,,,,,,,0.4867,,0.3244,-0.1907,-0.0001,0,0.3020,-0.2198
2022,WY,Wyoming,train,1,D,1,47250,132206,14446,193902,0.2633,-0.4381,-0.2235,0.2633,0,1,0.0000,0,0,1.0000,7546,170665,0.0423,0,0.0000,,,,,,,,,,,0.4867,,0.2639,-0.2512,-0.0006,0,0.2752,-0.2466
2024,AK,Alaska,train,0,D,1,156245,159550,13760,329555,0.4948,-0.0100,0.0079,0.4948,0,1,0.0000,0,0,1.0000,,,,0,0.0000,,,,,140026,184458,338177,0.4315,-0.0601,0.0255,0.4868,0.4916,0.4984,0.0117,-0.0036,1,0.4474,-0.0744
2024,AL,Alabama,train,0,D,7,518197,1508754,21712,2048663,0.2557,-0.4835,-0.2312,0.2557,2,5,0.2857,3,0,0.5714,,,,0,0.0000,,,,,772412,1462616,2265090,0.3456,-0.1460,0.0955,0.4868,0.4916,0.2526,-0.2341,0.0030,1,0.3709,-0.1509
2024,AR,Arkansas,train,0,D,4,358749,764367,21684,1144800,0.3194,-0.3543,-0.1674,0.3194,0,4,0.0000,0,0,1.0000,,,,0,0.0000,,,,,396905,759241,1182676,0.3433,-0.1483,0.0320,0.4868,0.4916,0.3125,-0.1743,0.0070,0,0.3579,-0.1639
2024,AZ,Arizona,train,0,D,9,1551085,1680841,21994,3253920,0.4799,-0.0399,-0.0069,0.4799,3,6,0.3333,0,0,1.0000,,,,1,1.0000,1676335,1595761,76718,0.5123,1582860,1770242,3390161,0.4721,-0.0195,0.0402,0.4868,0.4916,0.4312,-0.0555,0.0487,3,0.5016,-0.0202
2024,CA,California,train,0,D,52,9138709,5928084,44450,15111243,0.6065,0.2125,0.1197,0.6065,43,9,0.8269,1,4,0.9038,,,,1,1.0000,17873303,12517231,0,0.5881,9276179,6081697,15865475,0.6040,0.1124,0.0475,0.4868,0.4916,0.6435,0.1567,-0.0369,40,0.6491,0.1273
2024,CO,Colorado,train,0,D,8,1667213,1306086,100092,3073391,0.5607,0.1175,0.0739,0.5607,4,4,0.5000,0,0,1.0000,,,,0,0.0000,,,,,1728159,1377441,3192745,0.5565,0.0649,0.0374,0.4868,0.4916,0.5651,0.0783,-0.0043,5,0.5694,0.0476
2024,CT,Connecticut,train,0,D,5,981762,683089,37063,1701914,0.5897,0.1755,0.1029,0.5897,5,0,1.0000,0,0,1.0000,,,,1,1.0000,953646,678256,76357,0.5844,992053,736918,1759010,0.5738,0.0822,0.0325,0.4868,0.4916,0.5776,0.0908,0.0121,5,0.6020,0.0802
2024,DE,Delaware,train,0,D,1,287830,209606,0,497436,0.5786,0.1573,0.0918,0.5786,1,0,1.0000,0,0,1.0000,,,,1,1.0000,283298,197753,19555,0.5889,289758,214351,512912,0.5748,0.0832,0.0302,0.4868,0.4916,0.5635,0.0768,0.0151,1,0.5963,0.0745
2024,FL,Florida,train,0,D,28,4339733,5975435,12754,10327922,0.4207,-0.1584,-0.0661,0.4207,8,20,0.2857,0,1,0.9643,,,,1,1.0000,4603077,5977706,176645,0.4350,4683038,6110125,10893752,0.4339,-0.0577,0.0519,0.4868,0.4916,0.4049,-0.0819,0.0158,8,0.4831,-0.0387
2024,GA,Georgia,train,0,D,14,2434984,2702118,0,5137102,0.4740,-0.0520,-0.0128,0.4740,5,9,0.3571,0,0,1.0000,,,,0,0.0000,,,,,2548017,2663117,5250905,0.4890,-0.0026,0.0217,0.4868,0.4916,0.4769,-0.0098,-0.0029,5,0.5012,-0.0206
2024,HI,Hawaii,train,0,D,2,330488,139844,8434,478766,0.7027,0.3982,0.2158,0.7027,2,0,1.0000,0,0,1.0000,,,,1,1.0000,324194,160075,37967,0.6695,313044,193661,516701,0.6178,0.1262,0.0734,0.4868,0.4916,0.6867,0.1999,0.0160,2,0.6503,0.1285
2024,IA,Iowa,train,0,D,4,696033,904563,9013,1609609,0.4349,-0.1296,-0.0520,0.4349,0,4,0.0000,0,0,1.0000,,,,0,0.0000,,,,,707278,927019,1663506,0.4328,-0.0588,0.0324,0.4868,0.4916,0.4371,-0.0496,-0.0023,0,0.4582,-0.0636
2024,ID,Idaho,train,0,D,2,244885,581168,47651,873704,0.2965,-0.3849,-0.1904,0.2965,0,2,0.0000,0,0,1.0000,,,,0,0.0000,,,,,274972,605246,905057,0.3124,-0.1792,0.0346,0.4868,0.4916,0.3140,-0.1727,-0.0176,0,0.3412,-0.1806
2024,IL,Illinois,train,0,D,17,2829169,2517389,13496,5360054,0.5292,0.0582,0.0423,0.5292,14,3,0.8235,2,0,0.8824,,,,0,0.0000,,,,,3062863,2449079,5633310,0.5557,0.0641,0.0485,0.4868,0.4916,0.5622,0.0755,-0.0330,14,0.5866,0.0648
2024,IN,Indiana,train,0,D,9,1103484,1668618,96005,2868107,0.3981,-0.1970,-0.0888,0.3981,2,7,0.2222,0,0,1.0000,,,,1,1.0000,1097061,1659416,73420,0.3980,1163603,1720347,2936677,0.4035,-0.0881,0.0233,0.4868,0.4916,0.3926,-0.0942,0.0055,2,0.4180,-0.1038
2024,KS,Kansas,train,0,D,4,526153,749375,30121,1305649,0.4125,-0.1710,-0.0743,0.4125,1,3,0.2500,0,0,1.0000,,,,0,0.0000,,,,,544853,758802,1327591,0.4179,-0.0736,0.0165,0.4868,0.4916,0.4275,-0.0592,-0.0150,1,0.4251,-0.0967
2024,KY,Kentucky,train,0,D,6,511998,1392354,1182,1905534,0.2689,-0.4620,-0.2180,0.2689,1,5,0.1667,2,0,0.6667,,,,0,0.0000,,,,,704043,1337494,2074530,0.3449,-0.1467,0.0815,0.4868,0.4916,0.3399,-0.1468,-0.0711,1,0.3680,-0.1538
2024,LA,Louisiana,train,0,D,6,650836,1248101,6781,1905718,0.3427,-0.3134,-0.1441,0.3427,2,4,0.3333,1,0,0.8333,,,,0,0.0000,,,,,766870,1208505,2006975,0.3882,-0.1034,0.0505,0.4868,0.4916,0.2919,-0.1949,0.0508,1,0.4054,-0.1164
2024,MA,Massachusetts,train,0,D,9,2386143,304460,285560,2976163,0.8868,0.6995,0.4000,0.8868,9,0,1.0000,0,7,0.2222,,,,1,1.0000,2041668,1365440,105822,0.5992,2126518,1251303,3473668,0.6296,0.1380,0.1432,0.4868,0.4916,0.6984,0.2116,0.1885,9,0.6712,0.1494
2024,MD,Maryland,train,0,D,8,1863416,1017654,54258,2935328,0.6468,0.2881,0.1600,0.6468,7,1,0.8750,0,0,1.0000,,,,1,1.0000,1650912,1294344,76122,0.5605,1902577,1035550,3038334,0.6475,0.1560,0.0339,0.4868,0.4916,0.6516,0.1649,-0.0048,7,0.6703,0.1485
2024,ME,Maine,train,0,D,2,446949,349294,20883,817126,0.5613,0.1195,0.0745,0.5613,2,0,1.0000,0,0,1.0000,,,,1,1.0000,88891,284338,469218,0.2382,435652,377977,831375,0.5354,0.0439,0.0171,0.4868,0.4916,0.5795,0.0928,-0.0182,2,0.5467,0.0249
2024,MI,Michigan,train,0,D,13,2634228,2702653,180015,5516896,0.4936,-0.0124,0.0068,0.4936,6,7,0.4615,0,0,1.0000,,,,1,1.0000,2712686,2693680,170821,0.5018,2736533,2816636,5664186,0.4928,0.0012,0.0260,0.4868,0.4916,0.5118,0.0251,-0.0183,7,0.5141,-0.0076
2024,MN,Minnesota,train,0,D,8,1579742,1550499,16521,3146762,0.5047,0.0093,0.0178,0.5047,4,4,0.5000,0,0,1.0000,,,,1,1.0000,1792441,1291712,105170,0.5812,1656979,1519032,3253920,0.5217,0.0301,0.0329,0.4868,0.4916,0.5101,0.0234,-0.0055,4,0.5364,0.0146
2024,MO,Missouri,train,0,D,8,1125671,1711050,88142,2924863,0.3968,-0.2001,-0.0900,0.3968,2,6,0.2500,0,0,1.0000,,,,1,1.0000,1243728,1651907,76924,0.4295,1200599,1751986,2995327,0.4066,-0.0850,0.0235,0.4868,0.4916,0.3938,-0.0929,0.0030,2,0.4216,-0.1001
2024,MS,Mississippi,train,0,D,4,350353,812799,0,1163152,0.3012,-0.3976,-0.1856,0.3012,1,3,0.2500,1,0,0.7500,,,,1,1.0000,451981,763420,0,0.3719,466668,747744,1228008,0.3843,-0.1073,0.0528,0.4868,0.4916,0.3560,-0.1307,-0.0548,1,0.4162,-0.1056
2024,MT,Montana,train,0,D,2,237496,350361,9954,597811,0.4040,-0.1888,-0.0828,0.4040,0,2,0.0000,0,0,1.0000,,,,1,1.0000,276305,319682,11275,0.4636,231906,352079,602990,0.3971,-0.0945,0.0086,0.4868,0.4916,0.3931,-0.0936,0.0109,0,0.4160,-0.1058
2024,NC,North Carolina,train,0,D,14,2349621,2889999,243535,5483155,0.4484,-0.0986,-0.0384,0.4484,4,10,0.2857,2,0,0.8571,,,,0,0.0000,,,,,2715375,2898423,5699141,0.4837,-0.0079,0.0379,0.4868,0.4916,0.4784,-0.0083,-0.0300,7,0.4932,-0.0286
2024,ND,North Dakota,train,0,D,1,109231,249101,1455,359787,0.3048,-0.3888,-0.1820,0.3048,0,1,0.0000,0,0,1.0000,,,,1,1.0000,121602,241569,1156,0.3348,112327,246505,368155,0.3130,-0.1786,0.0227,0.4868,0.4916,0.0000,-0.4867,0.3048,0,0.3279,-0.1938
2024,NE,Nebraska,train,0,D,3,338154,591238,0,929392,0.3638,-0.2723,-0.1230,0.3638,0,3,0.0000,0,0,1.0000,,,,1,1.0000,349902,1084227,439212,0.2440,369995,564816,952182,0.3958,-0.0958,0.0239,0.4868,0.4916,0.3623,-0.1244,0.0015,0,0.4022,-0.1196
2024,NH,New Hampshire,train,0,D,2,430218,373746,662,804626,0.5351,0.0702,0.0483,0.5351,2,0,1.0000,0,0,1.0000,,,,0,0.0000,,,,,418488,395523,826189,0.5141,0.0225,0.0261,0.4868,0.4916,0.5496,0.0629,-0.0145,2,0.5375,0.0157
2024,NJ,New Jersey,train,0,D,12,2115843,1828853,92430,4037126,0.5364,0.0711,0.0496,0.5364,9,3,0.7500,0,0,1.0000,,,,1,1.0000,2161491,1773589,96715,0.5493,2220713,1968215,4272725,0.5301,0.0386,0.0551,0.4868,0.4916,0.5497,0.0630,-0.0133,9,0.5807,0.0589
2024,NM,New Mexico,train,0,D,3,493722,402776,0,896498,0.5507,0.1014,0.0639,0.5507,3,0,1.0000,0,0,1.0000,,,,1,1.0000,497333,405978,0,0.5506,478802,423391,923403,0.5307,0.0391,0.0291,0.4868,0.4916,0.5506,0.0639,0.0001,3,0.5552,0.0334
2024,NV,Nevada,train,0,D,4,534115,692714,200248,1427077,0.4354,-0.1111,-0.0515,0.4354,3,1,0.7500,1,0,0.7500,,,,1,1.0000,701105,677046,86577,0.5087,705197,751205,1484840,0.4842,-0.0074,0.0389,0.4868,0.4916,0.4826,-0.0042,-0.0472,3,0.5122,-0.0096
2024,NY,New York,train,0,D,26,4330117,3039739,563001,7932857,0.5875,0.1627,0.1007,0.5875,19,7,0.7308,0,0,1.0000,,,,1,1.0000,4318903,2917044,1144479,0.5969,4619195,3578899,8262495,0.5634,0.0719,0.0399,0.4868,0.4916,0.5756,0.0888,0.0120,15,0.6173,0.0955
2024,OH,Ohio,train,0,D,15,2382078,3104290,84416,5570784,0.4342,-0.1296,-0.0526,0.4342,5,10,0.3333,0,0,1.0000,,,,1,1.0000,2650949,2857383,196288,0.4813,2533699,3180116,5767788,0.4434,-0.0482,0.0342,0.4868,0.4916,0.4357,-0.0510,-0.0015,5,0.4592,-0.0626
2024,OK,Oklahoma,train,0,D,5,397856,834553,49697,1282106,0.3228,-0.3406,-0.1640,0.3228,0,5,0.0000,1,0,0.8000,,,,0,0.0000,,,,,499599,1036213,1566173,0.3253,-0.1663,0.1814,0.4868,0.4916,0.3194,-0.1673,0.0034,0,0.3306,-0.1912
2024,OR,Oregon,train,0,D,6,1151394,912337,93241,2156972,0.5579,0.1108,0.0711,0.5579,5,1,0.8333,0,0,1.0000,,,,0,0.0000,,,,,1240600,919480,2244493,0.5743,0.0827,0.0390,0.4868,0.4916,0.5431,0.0564,0.0148,4,0.5831,0.0613
2024,PA,Pennsylvania,train,0,D,17,3338371,3481113,0,6819484,0.4895,-0.0209,0.0027,0.4895,7,10,0.4118,0,1,0.9412,,,,1,1.0000,3384180,3399295,179662,0.4989,3423042,3543308,7058732,0.4914,-0.0002,0.0339,0.4868,0.4916,0.4742,-0.0126,0.0153,9,0.5059,-0.0159
2024,RI,Rhode Island,train,0,D,2,292791,180123,11684,484598,0.6191,0.2325,0.1323,0.6191,2,0,1.0000,0,0,1.0000,,,,1,1.0000,294665,196039,1244,0.6005,285156,214406,513386,0.5708,0.0792,0.0561,0.4868,0.4916,0.5735,0.0868,0.0456,2,0.6060,0.0842
2024,SC,South Carolina,train,0,D,7,964448,1475329,35127,2474904,0.3953,-0.2064,-0.0915,0.3953,1,6,0.1429,0,0,1.0000,,,,0,0.0000,,,,,1028452,1483747,2548140,0.4094,-0.0822,0.0287,0.4868,0.4916,0.3287,-0.1580,0.0666,1,0.4407,-0.0811
2024,SD,South Dakota,train,0,D,1,117818,303630,0,421448,0.2796,-0.4409,-0.2073,0.2796,0,1,0.0000,0,0,1.0000,,,,0,0.0000,,,,,146859,272081,428922,0.3505,-0.1410,0.0174,0.4868,0.4916,0.0000,-0.4867,0.2796,0,0.3657,-0.1561
2024,TN,Tennessee,train,0,D,9,977870,1884691,64394,2926955,0.3416,-0.3098,-0.1452,0.3416,1,8,0.1111,0,0,1.0000,,,,1,1.0000,1027461,1918743,61404,0.3487,1056265,1966865,3063942,0.3494,-0.1422,0.0447,0.4868,0.4916,0.3461,-0.1407,-0.0045,1,0.3817,-0.1401
2024,TX,Texas,train,0,D,38,4310913,6234918,128081,10673912,0.4088,-0.1803,-0.0780,0.4088,13,25,0.3421,5,3,0.7895,,,,1,1.0000,5031249,5990741,269864,0.4565,4835250,6393597,11388674,0.4306,-0.0610,0.0628,0.4868,0.4916,0.3968,-0.0900,0.0120,13,0.4717,-0.0501
2024,UT,Utah,train,0,D,4,471051,909332,68294,1448677,0.3412,-0.3025,-0.1456,0.3412,0,4,0.0000,0,0,1.0000,,,,1,1.0000,464515,914700,84294,0.3368,562566,883818,1488494,0.3889,-0.1026,0.0267,0.4868,0.4916,0.3377,-0.1491,0.0036,0,0.3931,-0.1287
2024,VA,Virginia,train,0,D,11,2274922,2108450,42390,4425762,0.5190,0.0376,0.0322,0.5190,6,5,0.5455,0,0,1.0000,,,,1,1.0000,2417115,2019911,8509,0.5448,2333778,2074097,4503288,0.5295,0.0379,0.0172,0.4868,0.4916,0.5182,0.0314,0.0008,6,0.5515,0.0298
2024,VT,Vermont,train,0,D,1,218398,0,132218,350616,1.0000,0.6229,0.5132,1.0000,1,0,1.0000,0,1,0.0000,,,,1,0.0000,0,116512,256373,,235791,119395,369422,0.6639,0.1723,0.0509,0.4868,0.4916,0.6924,0.2057,0.3076,1,0.6830,0.1612
2024,WA,Washington,train,0,D,10,2155907,1592599,19674,3768180,0.5751,0.1495,0.0883,0.5751,8,2,0.8000,1,1,0.8000,,,,1,1.0000,2252577,1549187,10627,0.5925,2245849,1530923,3924243,0.5946,0.1031,0.0398,0.4868,0.4916,0.5812,0.0945,-0.0061,8,0.5993,0.0775
2024,WI,Wisconsin,train,0,D,8,1603350,1701860,20396,3325606,0.4851,-0.0296,-0.0017,0.4851,2,6,0.2500,0,0,1.0000,,,,1,1.0000,1672777,1643996,74014,0.5043,1668229,1697626,3422918,0.4956,0.0040,0.0284,0.4868,0.4916,0.4193,-0.0675,0.0658,2,0.5032,-0.0186
2024,WV,West Virginia,train,0,D,2,200813,496681,25790,723284,0.2879,-0.4091,-0.1989,0.2879,0,2,0.0000,0,0,1.0000,,,,1,1.0000,207548,514079,26090,0.2876,214309,533556,762582,0.2866,-0.2050,0.0515,0.4868,0.4916,0.3242,-0.1625,-0.0363,0,0.3020,-0.2198
2024,WY,Wyoming,train,0,D,1,60778,184680,16090,261548,0.2476,-0.4737,-0.2392,0.2476,0,1,0.0000,0,0,1.0000,,,,1,1.0000,63727,198418,8978,0.2431,69527,192633,269048,0.2652,-0.2264,0.0279,0.4868,0.4916,0.2633,-0.2235,-0.0157,0,0.2752,-0.2466
2026,AK,Alaska,predict,1,R,1,,,,,,,,,,,,,,,,,,1,,,,,,,,,,,,,,0.4948,0.0079,,0,0.4315,-0.0601
2026,AL,Alabama,predict,1,R,7,,,,,,,,,,,,,,,,,,1,,,,,,,,,,,,,,0.2557,-0.2312,,2,0.3456,-0.1460
2026,AR,Arkansas,predict,1,R,4,,,,,,,,,,,,,,,,,,1,,,,,,,,,,,,,,0.3194,-0.1674,,0,0.3433,-0.1483
2026,AZ,Arizona,predict,1,R,9,,,,,,,,,,,,,,,,,,0,,,,,,,,,,,,,,0.4799,-0.0069,,3,0.4721,-0.0195
2026,CA,California,predict,1,R,52,,,,,,,,,,,,,,,,,,0,,,,,,,,,,,,,,0.6065,0.1197,,43,0.6040,0.1124
2026,CO,Colorado,predict,1,R,8,,,,,,,,,,,,,,,,,,1,,,,,,,,,,,,,,0.5607,0.0739,,4,0.5565,0.0649
2026,CT,Connecticut,predict,1,R,5,,,,,,,,,,,,,,,,,,0,,,,,,,,,,,,,,0.5897,0.1029,,5,0.5738,0.0822
2026,DE,Delaware,predict,1,R,1,,,,,,,,,,,,,,,,,,1,,,,,,,,,,,,,,0.5786,0.0918,,1,0.5748,0.0832
2026,FL,Florida,predict,1,R,28,,,,,,,,,,,,,,,,,,1,,,,,,,,,,,,,,0.4207,-0.0661,,8,0.4339,-0.0577
2026,GA,Georgia,predict,1,R,14,,,,,,,,,,,,,,,,,,1,,,,,,,,,,,,,,0.4740,-0.0128,,5,0.4890,-0.0026
2026,HI,Hawaii,predict,1,R,2,,,,,,,,,,,,,,,,,,0,,,,,,,,,,,,,,0.7027,0.2158,,2,0.6178,0.1262
2026,IA,Iowa,predict,1,R,4,,,,,,,,,,,,,,,,,,1,,,,,,,,,,,,,,0.4349,-0.0520,,0,0.4328,-0.0588
2026,ID,Idaho,predict,1,R,2,,,,,,,,,,,,,,,,,,1,,,,,,,,,,,,,,0.2965,-0.1904,,0,0.3124,-0.1792
2026,IL,Illinois,predict,1,R,17,,,,,,,,,,,,,,,,,,1,,,,,,,,,,,,,,0.5292,0.0423,,14,0.5557,0.0641
2026,IN,Indiana,predict,1,R,9,,,,,,,,,,,,,,,,,,0,,,,,,,,,,,,,,0.3981,-0.0888,,2,0.4035,-0.0881
2026,KS,Kansas,predict,1,R,4,,,,,,,,,,,,,,,,,,1,,,,,,,,,,,,,,0.4125,-0.0743,,1,0.4179,-0.0736
2026,KY,Kentucky,predict,1,R,6,,,,,,,,,,,,,,,,,,1,,,,,,,,,,,,,,0.2689,-0.2180,,1,0.3449,-0.1467
2026,LA,Louisiana,predict,1,R,6,,,,,,,,,,,,,,,,,,1,,,,,,,,,,,,,,0.3427,-0.1441,,2,0.3882,-0.1034
2026,MA,Massachusetts,predict,1,R,9,,,,,,,,,,,,,,,,,,1,,,,,,,,,,,,,,0.8868,0.4000,,9,0.6296,0.1380
2026,MD,Maryland,predict,1,R,8,,,,,,,,,,,,,,,,,,0,,,,,,,,,,,,,,0.6468,0.1600,,7,0.6475,0.1560
2026,ME,Maine,predict,1,R,2,,,,,,,,,,,,,,,,,,1,,,,,,,,,,,,,,0.5613,0.0745,,2,0.5354,0.0439
2026,MI,Michigan,predict,1,R,13,,,,,,,,,,,,,,,,,,1,,,,,,,,,,,,,,0.4936,0.0068,,6,0.4928,0.0012
2026,MN,Minnesota,predict,1,R,8,,,,,,,,,,,,,,,,,,1,,,,,,,,,,,,,,0.5047,0.0178,,4,0.5217,0.0301
2026,MO,Missouri,predict,1,R,8,,,,,,,,,,,,,,,,,,0,,,,,,,,,,,,,,0.3968,-0.0900,,2,0.4066,-0.0850
2026,MS,Mississippi,predict,1,R,4,,,,,,,,,,,,,,,,,,1,,,,,,,,,,,,,,0.3012,-0.1856,,1,0.3843,-0.1073
2026,MT,Montana,predict,1,R,2,,,,,,,,,,,,,,,,,,1,,,,,,,,,,,,,,0.4040,-0.0828,,0,0.3971,-0.0945
2026,NC,North Carolina,predict,1,R,14,,,,,,,,,,,,,,,,,,1,,,,,,,,,,,,,,0.4484,-0.0384,,4,0.4837,-0.0079
2026,ND,North Dakota,predict,1,R,1,,,,,,,,,,,,,,,,,,0,,,,,,,,,,,,,,0.3048,-0.1820,,0,0.3130,-0.1786
2026,NE,Nebraska,predict,1,R,3,,,,,,,,,,,,,,,,,,1,,,,,,,,,,,,,,0.3638,-0.1230,,0,0.3958,-0.0958
2026,NH,New Hampshire,predict,1,R,2,,,,,,,,,,,,,,,,,,1,,,,,,,,,,,,,,0.5351,0.0483,,2,0.5141,0.0225
2026,NJ,New Jersey,predict,1,R,12,,,,,,,,,,,,,,,,,,1,,,,,,,,,,,,,,0.5364,0.0496,,9,0.5301,0.0386
2026,NM,New Mexico,predict,1,R,3,,,,,,,,,,,,,,,,,,1,,,,,,,,,,,,,,0.5507,0.0639,,3,0.5307,0.0391
2026,NV,Nevada,predict,1,R,4,,,,,,,,,,,,,,,,,,0,,,,,,,,,,,,,,0.4354,-0.0515,,3,0.4842,-0.0074
2026,NY,New York,predict,1,R,26,,,,,,,,,,,,,,,,,,0,,,,,,,,,,,,,,0.5875,0.1007,,19,0.5634,0.0719
2026,OH,Ohio,predict,1,R,15,,,,,,,,,,,,,,,,,,1,,,,,,,,,,,,,,0.4342,-0.0526,,5,0.4434,-0.0482
2026,OK,Oklahoma,predict,1,R,5,,,,,,,,,,,,,,,,,,1,,,,,,,,,,,,,,0.3228,-0.1640,,0,0.3253,-0.1663
2026,OR,Oregon,predict,1,R,6,,,,,,,,,,,,,,,,,,1,,,,,,,,,,,,,,0.5579,0.0711,,5,0.5743,0.0827
2026,PA,Pennsylvania,predict,1,R,17,,,,,,,,,,,,,,,,,,0,,,,,,,,,,,,,,0.4895,0.0027,,7,0.4914,-0.0002
2026,RI,Rhode Island,predict,1,R,2,,,,,,,,,,,,,,,,,,1,,,,,,,,,,,,,,0.6191,0.1323,,2,0.5708,0.0792
2026,SC,South Carolina,predict,1,R,7,,,,,,,,,,,,,,,,,,1,,,,,,,,,,,,,,0.3953,-0.0915,,1,0.4094,-0.0822
2026,SD,South Dakota,predict,1,R,1,,,,,,,,,,,,,,,,,,1,,,,,,,,,,,,,,0.2796,-0.2073,,0,0.3505,-0.1410
2026,TN,Tennessee,predict,1,R,9,,,,,,,,,,,,,,,,,,1,,,,,,,,,,,,,,0.3416,-0.1452,,1,0.3494,-0.1422
2026,TX,Texas,predict,1,R,38,,,,,,,,,,,,,,,,,,1,,,,,,,,,,,,,,0.4088,-0.0780,,13,0.4306,-0.0610
2026,UT,Utah,predict,1,R,4,,,,,,,,,,,,,,,,,,0,,,,,,,,,,,,,,0.3412,-0.1456,,0,0.3889,-0.1026
2026,VA,Virginia,predict,1,R,11,,,,,,,,,,,,,,,,,,1,,,,,,,,,,,,,,0.5190,0.0322,,6,0.5295,0.0379
2026,VT,Vermont,predict,1,R,1,,,,,,,,,,,,,,,,,,0,,,,,,,,,,,,,,1.0000,0.5132,,1,0.6639,0.1723
2026,WA,Washington,predict,1,R,10,,,,,,,,,,,,,,,,,,0,,,,,,,,,,,,,,0.5751,0.0883,,8,0.5946,0.1031
2026,WI,Wisconsin,predict,1,R,8,,,,,,,,,,,,,,,,,,0,,,,,,,,,,,,,,0.4851,-0.0017,,2,0.4956,0.0040
2026,WV,West Virginia,predict,1,R,2,,,,,,,,,,,,,,,,,,1,,,,,,,,,,,,,,0.2879,-0.1989,,0,0.2866,-0.2050
2026,WY,Wyoming,predict,1,R,1,,,,,,,,,,,,,,,,,,1,,,,,,,,,,,,,,0.2476,-0.2392,,0,0.2652,-0.2264
