year,state,state_name,split,pres_party,house_seats,senate_race,pres_dem_share_2p_prev,pres_dem_share_2p_rel_prev,nat_pres_dem_share_2p_prev,house_dem_share_2p_prev,house_dem_share_2p_rel_prev,nat_house_dem_share_2p_prev,house_seats_d_prev,house_seats_r_prev,house_seat_share_d_prev,house_contested_share_prev,house_dropoff_prev,house_primary_votes_d,house_primary_votes_r,house_primary_dem_share_2p,house_districts_no_d,house_districts_no_r,house_contested_share,house_votes_d,house_votes_r,house_votes_other,house_votes_total,house_dem_share_2p,house_dem_share_2p_rel,nat_house_dem_share_2p,president_party_house_share_2p,house_dem_swing,president_party_swing,house_seats_d,house_seats_r,house_seat_share_d,senate_dr_contest,senate_votes_d,senate_votes_r,senate_votes_other,senate_dem_share_2p
2006,AK,Alaska,train,R,1,0,0.3677,-0.1190,0.4868,0.2393,-0.2470,0.4863,0,1,0.0000,1.0000,0.0403,40573,81089,0.3335,0,0,1.0000,93879,132743,8023,234645,0.4143,-0.1268,0.5411,0.5857,0.1750,-0.1750,0,1,0.0000,0.0000,,,,
2006,AL,Alabama,train,R,7,0,0.3710,-0.1158,0.4868,0.3962,-0.0901,0.4863,2,5,0.2857,0.8571,0.0482,154018,0,1.0000,1,2,0.5714,502046,627501,10605,1140152,0.4445,-0.0966,0.5411,0.5555,0.0483,-0.0483,2,5,0.2857,0.0000,,,,
2006,AR,Arkansas,train,R,4,0,0.4506,-0.0361,0.4868,0.5437,0.0574,0.4863,3,1,0.7500,0.7500,0.2500,0,16118,0.0000,0,0,1.0000,456569,306442,0,763011,0.5984,0.0573,0.5411,0.4016,0.0547,-0.0547,3,1,0.7500,0.0000,,,,
2006,AZ,Arizona,train,R,8,1,0.4472,-0.0395,0.4868,0.3464,-0.1400,0.4863,2,6,0.2500,0.7500,0.0701,202430,294125,0.4077,1,0,0.8750,627259,771246,94645,1493150,0.4485,-0.0925,0.5411,0.5515,0.1022,-0.1022,4,4,0.5000,1.0000,664141,814398,48243,0.4492
2006,CA,California,train,R,53,1,0.5504,0.0636,0.4868,0.5530,0.0667,0.4863,33,20,0.6226,0.9057,0.0642,2265008,1625917,0.5821,1,7,0.8491,4720164,3314403,261249,8295816,0.5875,0.0464,0.5411,0.4125,0.0345,-0.0345,34,19,0.6415,1.0000,5076289,2990822,474365,0.6293
2006,CO,Colorado,train,R,7,0,0.4763,-0.0104,0.4868,0.5009,0.0145,0.4863,3,4,0.4286,1.0000,0.0429,146175,196749,0.4263,0,1,0.8571,832888,623784,82236,1538908,0.5718,0.0307,0.5411,0.4282,0.0709,-0.0709,4,3,0.5714,0.0000,,,,
2006,CT,Connecticut,train,R,5,1,0.5527,0.0660,0.4868,0.5550,0.0687,0.4863,2,3,0.4000,1.0000,0.0950,0,3146,0.0000,0,0,1.0000,642859,419895,11985,1074739,0.6049,0.0638,0.5411,0.3951,0.0499,-0.0499,4,1,0.8000,1.0000,450844,109198,574738,0.8050
2006,DE,Delaware,train,R,1,1,0.5383,0.0515,0.4868,0.3006,-0.1857,0.4863,0,1,0.0000,1.0000,0.0510,15768,0,1.0000,0,0,1.0000,97565,143897,10232,251694,0.4041,-0.1370,0.5411,0.5959,0.1035,-0.1035,0,1,0.0000,1.0000,170567,69734,13798,0.7098
2006,FL,Florida,train,R,25,1,0.4748,-0.0120,0.4868,0.3999,-0.0864,0.4863,7,18,0.2800,0.5600,0.2605,235726,156580,0.6009,1,6,0.7200,1599968,2182833,69141,3851942,0.4230,-0.1181,0.5411,0.5770,0.0230,-0.0230,9,16,0.3600,1.0000,2890548,1826127,76859,0.6128
2006,GA,Georgia,train,R,13,0,0.4165,-0.0703,0.4868,0.3853,-0.1010,0.4863,6,7,0.4615,0.5385,0.1033,464830,354204,0.5675,0,1,0.9231,932143,1138048,116,2070307,0.4503,-0.0908,0.5411,0.5497,0.0649,-0.0649,6,7,0.4615,0.0000,,,,
2006,HI,Hawaii,train,R,2,1,0.5440,0.0573,0.4868,0.6382,0.1519,0.4863,2,0,1.0000,1.0000,0.0290,215971,26478,0.8908,0,0,1.0000,219810,118134,0,337944,0.6504,0.1094,0.5411,0.3496,0.0122,-0.0122,2,0,1.0000,1.0000,210330,126097,6415,0.6252
2006,IA,Iowa,train,R,5,0,0.4966,0.0098,0.4868,0.4323,-0.0541,0.4863,1,4,0.2000,1.0000,0.0323,97389,76492,0.5601,0,0,1.0000,492937,522388,18363,1033688,0.4855,-0.0556,0.5411,0.5145,0.0532,-0.0532,3,2,0.6000,0.0000,,,,
2006,ID,Idaho,train,R,2,0,0.3068,-0.1800,0.4868,0.2988,-0.1875,0.4863,0,2,0.0000,1.0000,0.0435,27856,132487,0.1737,0,0,1.0000,177376,248105,19825,445306,0.4169,-0.1242,0.5411,0.5831,0.1181,-0.1181,0,2,0.0000,0.0000,,,,
2006,IL,Illinois,train,R,19,0,0.5521,0.0653,0.4868,0.5408,0.0545,0.4863,10,9,0.5263,0.9474,0.0542,881101,632834,0.5820,0,1,0.9474,1987114,1442972,23622,3453708,0.5793,0.0383,0.5411,0.4207,0.0385,-0.0385,10,9,0.5263,0.0000,,,,
2006,IN,Indiana,train,R,9,1,0.3958,-0.0910,0.4868,0.4196,-0.0667,0.4863,2,7,0.2222,1.0000,0.0210,327991,403901,0.4481,0,0,1.0000,812496,831785,22641,1666922,0.4941,-0.0469,0.5411,0.5059,0.0745,-0.0745,5,4,0.5556,0.0000,0,1171553,169558,
2006,KS,Kansas,train,R,4,0,0.3713,-0.1155,0.4868,0.3484,-0.1380,0.4863,1,3,0.2500,0.7500,0.0264,70831,181441,0.2808,0,0,1.0000,369191,459267,16669,845127,0.4456,-0.0954,0.5411,0.5544,0.0973,-0.0973,2,2,0.5000,0.0000,,,,
2006,KY,Kentucky,train,R,6,0,0.3999,-0.0869,0.4868,0.3718,-0.1146,0.4863,1,5,0.1667,0.8333,0.0894,296937,0,1.0000,0,1,0.8333,601723,611780,40023,1253526,0.4959,-0.0452,0.5411,0.5041,0.1241,-0.1241,2,4,0.3333,0.0000,,,,
2006,LA,Louisiana,train,R,7,0,0.4267,-0.0601,0.4868,0.3799,-0.1064,0.4863,2,5,0.2857,0.8571,0.3523,0,0,,1,0,0.8571,278232,565774,26630,870636,0.3297,-0.2114,0.5411,0.6703,-0.0503,0.0503,2,5,0.2857,0.0000,,,,
2006,MA,Massachusetts,train,R,10,1,0.6274,0.1406,0.4868,0.8256,0.3392,0.4863,10,0,1.0000,0.5000,0.1138,724654,26890,0.9642,0,7,0.3000,1632307,198550,92800,1923657,0.8916,0.3505,0.5411,0.1084,0.0660,-0.0660,10,0,1.0000,1.0000,1500738,661532,3220,0.6941
2006,MD,Maryland,train,R,8,1,0.5657,0.0789,0.4868,0.5939,0.1076,0.4863,6,2,0.7500,1.0000,0.0548,546060,164626,0.7684,0,2,0.7500,1099441,546862,54899,1701202,0.6678,0.1268,0.5411,0.3322,0.0739,-0.0739,6,2,0.7500,1.0000,965477,787182,28480,0.5509
2006,ME,Maine,train,R,2,1,0.5458,0.0590,0.4868,0.5963,0.1100,0.4863,2,0,1.0000,1.0000,0.0413,50043,52311,0.4889,0,0,1.0000,350681,163155,22029,535865,0.6825,0.1414,0.5411,0.3175,0.0861,-0.0861,2,0,1.0000,1.0000,111984,402598,29399,0.2176
2006,MI,Michigan,train,R,15,1,0.5173,0.0305,0.4868,0.4949,0.0086,0.4863,6,9,0.4000,1.0000,0.0430,483226,549145,0.4681,0,2,0.8667,1923485,1624865,100152,3648502,0.5421,0.0010,0.5411,0.4579,0.0472,-0.0472,6,9,0.4000,1.0000,2151278,1559597,69267,0.5797
2006,MN,Minnesota,train,R,8,1,0.5176,0.0308,0.4868,0.5310,0.0447,0.4863,4,4,0.5000,1.0000,0.0377,198518,87441,0.6942,0,0,1.0000,1152621,924636,101717,2178974,0.5549,0.0138,0.5411,0.4451,0.0239,-0.0239,5,3,0.6250,1.0000,1278849,835653,88270,0.6048
2006,MO,Missouri,train,R,9,1,0.4638,-0.0230,0.4868,0.4548,-0.0315,0.4863,4,5,0.4444,1.0000,0.0236,302704,299715,0.5025,0,0,1.0000,992258,1049346,55718,2097322,0.4860,-0.0550,0.5411,0.5140,0.0312,-0.0312,4,5,0.4444,1.0000,1055255,1006941,66263,0.5117
2006,MS,Mississippi,train,R,4,1,0.4008,-0.0860,0.4868,0.3380,-0.1483,0.4863,2,2,0.5000,0.5000,0.0312,117069,0,1.0000,1,0,0.7500,260330,304308,36059,600697,0.4611,-0.0800,0.5411,0.5389,0.1231,-0.1231,2,2,0.5000,1.0000,213000,388399,9522,0.3542
2006,MT,Montana,train,R,1,1,0.3950,-0.0918,0.4868,0.3373,-0.1490,0.4863,0,1,0.0000,1.0000,0.0138,93354,91836,0.5041,0,0,1.0000,158916,239124,8094,406134,0.3992,-0.1418,0.5411,0.6008,0.0619,-0.0619,0,1,0.0000,1.0000,199845,196283,10377,0.5045
2006,NC,North Carolina,train,R,13,0,0.4376,-0.0492,0.4868,0.4893,0.0029,0.4863,6,7,0.4615,1.0000,0.0251,127285,43828,0.7439,0,1,0.9231,1026915,913893,0,1940808,0.5291,-0.0119,0.5411,0.4709,0.0399,-0.0399,7,6,0.5385,0.0000,,,,
2006,ND,North Dakota,train,R,1,1,0.3609,-0.1259,0.4868,0.5956,0.1093,0.4863,1,0,1.0000,1.0000,0.0065,57316,40172,0.5879,0,0,1.0000,142934,74687,0,217621,0.6568,0.1157,0.5411,0.3432,0.0612,-0.0612,1,0,1.0000,1.0000,150146,64417,3589,0.6998
2006,NE,Nebraska,train,R,3,1,0.3315,-0.1553,0.4868,0.3093,-0.1770,0.4863,0,3,0.0000,1.0000,0.0170,77248,248212,0.2374,0,0,1.0000,261910,334177,0,596087,0.4394,-0.1017,0.5411,0.5606,0.1301,-0.1301,0,3,0.0000,1.0000,378388,213928,0,0.6388
2006,NH,New Hampshire,train,R,2,0,0.5069,0.0201,0.4868,0.3808,-0.1056,0.4863,0,2,0.0000,1.0000,0.0386,41428,47676,0.4649,0,0,1.0000,209434,189615,3620,402669,0.5248,-0.0162,0.5411,0.4752,0.1441,-0.1441,2,0,1.0000,0.0000,,,,
2006,NJ,New Jersey,train,R,13,1,0.5337,0.0469,0.4868,0.5319,0.0456,0.4863,7,6,0.5385,0.9231,0.0906,184277,144780,0.5600,0,2,0.8462,1207784,903176,25882,2136842,0.5721,0.0311,0.5411,0.4279,0.0402,-0.0402,7,6,0.5385,1.0000,1200843,997775,51452,0.5462
2006,NM,New Mexico,train,R,3,1,0.4960,0.0092,0.4868,0.5182,0.0319,0.4863,1,2,0.3333,1.0000,0.0177,104859,54775,0.6569,0,0,1.0000,313124,247825,135,561084,0.5582,0.0171,0.5411,0.4418,0.0400,-0.0400,1,2,0.3333,1.0000,394365,163826,359,0.7065
2006,NV,Nevada,train,R,3,1,0.4868,0.0000,0.4868,0.4425,-0.0438,0.4863,1,2,0.3333,1.0000,0.0460,71340,89707,0.4430,0,0,1.0000,287879,260317,26631,574827,0.5251,-0.0159,0.5411,0.4749,0.0827,-0.0827,1,2,0.3333,1.0000,238796,322501,21275,0.4254
2006,NY,New York,train,R,29,1,0.5929,0.1061,0.4868,0.6101,0.1238,0.4863,20,9,0.6897,0.8966,0.1581,177644,19334,0.9018,0,4,0.8621,2448964,1120966,565448,4135378,0.6860,0.1449,0.5411,0.3140,0.0759,-0.0759,23,6,0.7931,1.0000,2698931,1212902,578220,0.6899
2006,OH,Ohio,train,R,18,1,0.4894,0.0026,0.4868,0.4869,0.0005,0.4863,6,12,0.3333,0.8889,0.0790,728741,749787,0.4929,0,0,1.0000,2081737,1870390,9068,3961195,0.5267,-0.0143,0.5411,0.4733,0.0399,-0.0399,7,11,0.3889,1.0000,2257369,1761037,830,0.5618
2006,OK,Oklahoma,train,R,5,0,0.3443,-0.1425,0.4868,0.3078,-0.1786,0.4863,1,4,0.2000,0.6000,0.0609,84374,150474,0.3593,0,0,1.0000,372888,518025,14281,905194,0.4185,-0.1225,0.5411,0.5815,0.1108,-0.1108,1,4,0.2000,0.0000,,,,
2006,OR,Oregon,train,R,5,0,0.5211,0.0343,0.4868,0.5555,0.0692,0.4863,4,1,0.8000,1.0000,0.0351,297429,222108,0.5725,0,0,1.0000,765853,557491,34090,1357434,0.5787,0.0377,0.5411,0.4213,0.0232,-0.0232,4,1,0.8000,0.0000,,,,
2006,PA,Pennsylvania,train,R,19,1,0.5126,0.0258,0.4868,0.4914,0.0051,0.4863,7,12,0.3684,0.6842,0.1070,628427,562592,0.5276,0,2,0.8947,2229091,1732163,52134,4013388,0.5627,0.0217,0.5411,0.4373,0.0713,-0.0713,11,8,0.5789,1.0000,2392984,1684778,3281,0.5868
2006,RI,Rhode Island,train,R,2,1,0.6058,0.1190,0.4868,0.7120,0.2257,0.4863,2,0,1.0000,1.0000,0.0800,78533,17924,0.8142,0,1,0.5000,265028,41856,66498,373382,0.8636,0.3225,0.5411,0.1364,0.1516,-0.1516,2,0,1.0000,1.0000,206110,179001,340,0.5352
2006,SC,South Carolina,train,R,6,0,0.4136,-0.0731,0.4868,0.3476,-0.1388,0.4863,2,4,0.3333,0.6667,0.1104,47775,0,1.0000,0,0,1.0000,461600,599615,24991,1086206,0.4350,-0.1061,0.5411,0.5650,0.0874,-0.0874,2,4,0.3333,0.0000,,,,
2006,SD,South Dakota,train,R,1,0,0.3909,-0.0959,0.4868,0.5375,0.0512,0.4863,1,0,1.0000,1.0000,-0.0032,0,0,,0,0,1.0000,230468,97864,5230,333562,0.7019,0.1609,0.5411,0.2981,0.1644,-0.1644,1,0,1.0000,0.0000,,,,
2006,TN,Tennessee,train,R,9,1,0.4281,-0.0586,0.4868,0.4706,-0.0157,0.4863,5,4,0.5556,0.8889,0.0897,396575,399390,0.4982,0,0,1.0000,860861,799547,55018,1715426,0.5185,-0.0226,0.5411,0.4815,0.0478,-0.0478,5,4,0.5556,1.0000,879976,929911,23808,0.4862
2006,TX,Texas,train,R,32,1,0.3849,-0.1019,0.4868,0.4035,-0.0829,0.4863,11,21,0.3438,0.7812,0.0610,462691,577803,0.4447,1,6,0.7812,1830586,2050962,244827,4126375,0.4716,-0.0695,0.5411,0.5284,0.0681,-0.0681,13,19,0.4062,1.0000,1555202,2661789,97672,0.3688
2006,UT,Utah,train,R,3,1,0.2665,-0.2202,0.4868,0.4100,-0.0763,0.4863,1,2,0.3333,1.0000,0.0205,0,59024,0.0000,0,0,1.0000,244483,292235,32972,569690,0.4555,-0.0856,0.5411,0.5445,0.0455,-0.0455,1,2,0.3333,1.0000,177459,356238,37555,0.3325
2006,VA,Virginia,train,R,11,1,0.4587,-0.0281,0.4868,0.3602,-0.1261,0.4863,3,8,0.2727,0.7273,0.0608,19649,4409,0.8167,2,1,0.7273,947103,1222790,127343,2297236,0.4365,-0.1046,0.5411,0.5635,0.0763,-0.0763,3,8,0.2727,1.0000,1175606,1166277,28562,0.5020
2006,VT,Vermont,train,R,1,1,0.6030,0.1162,0.4868,0.2260,-0.2604,0.4863,0,0,0.0000,1.0000,0.0234,35739,36742,0.4931,0,0,1.0000,139815,117023,5888,262726,0.5444,0.0033,0.5411,0.4556,0.3184,-0.3184,1,0,1.0000,0.0000,0,84924,177495,
2006,WA,Washington,train,R,9,1,0.5365,0.0497,0.4868,0.5949,0.1086,0.4863,6,3,0.6667,1.0000,0.0452,577652,416592,0.5810,0,0,1.0000,1244095,798005,11956,2054056,0.6092,0.0682,0.5411,0.3908,0.0143,-0.0143,6,3,0.6667,1.0000,1184659,832106,66969,0.5874
2006,WI,Wisconsin,train,R,8,1,0.5019,0.0151,0.4868,0.4978,0.0114,0.4863,4,4,0.5000,0.8750,0.0585,287691,230791,0.5549,1,0,0.8750,1003156,1040071,20186,2063413,0.4910,-0.0501,0.5411,0.5090,-0.0068,0.0068,5,3,0.6250,1.0000,1439214,630299,68784,0.6954
2006,WV,West Virginia,train,R,3,1,0.4352,-0.0516,0.4868,0.5782,0.0919,0.4863,2,1,0.6667,1.0000,0.0453,158143,65732,0.7064,0,0,1.0000,263822,190893,98,454813,0.5802,0.0391,0.5411,0.4198,0.0020,-0.0020,2,1,0.6667,1.0000,296276,155043,8565,0.6565
2006,WY,Wyoming,train,R,1,1,0.2969,-0.1899,0.4868,0.4308,-0.0555,0.4863,0,1,0.0000,1.0000,0.0181,25914,83291,0.2373,0,0,1.0000,92324,93336,7709,193369,0.4973,-0.0438,0.5411,0.5027,0.0665,-0.0665,0,1,0.0000,1.0000,57671,135174,291,0.2991
2010,AK,Alaska,train,D,1,1,0.3894,-0.1467,0.5361,0.4728,-0.0817,0.5545,0,1,0.0000,1.0000,0.0283,38673,105624,0.2680,0,0,1.0000,77606,175384,1345,254335,0.3068,-0.1583,0.4650,0.3068,-0.1661,-0.1661,0,1,0.0000,1.0000,60045,90839,106654,0.3980
2010,AL,Alabama,train,D,7,1,0.3911,-0.1450,0.5361,0.3906,-0.1639,0.5545,3,4,0.4286,0.5714,0.1165,189625,430292,0.3059,3,0,0.5714,418957,914445,34345,1367747,0.3142,-0.1508,0.4650,0.3142,-0.0764,-0.0764,1,6,0.1429,1.0000,515619,968181,1699,0.3475
2010,AR,Arkansas,train,D,4,1,0.3983,-0.1378,0.5361,0.6588,0.1043,0.5545,3,1,0.7500,0.0000,0.2756,317830,175344,0.6445,0,0,1.0000,317975,435422,20728,774125,0.4221,-0.0430,0.4650,0.4221,-0.2367,-0.2367,1,3,0.2500,1.0000,288156,451618,40183,0.3895
2010,AZ,Arizona,train,D,8,1,0.4569,-0.0792,0.5361,0.5081,-0.0464,0.5545,5,3,0.6250,1.0000,0.0601,276803,551843,0.3340,0,0,1.0000,711837,900510,85798,1698145,0.4415,-0.0236,0.4650,0.4415,-0.0666,-0.0666,3,5,0.3750,1.0000,592011,1005615,110858,0.3706
2010,CA,California,train,D,53,1,0.6228,0.0867,0.5361,0.6203,0.0658,0.5545,34,19,0.6415,0.8302,0.0914,2144171,2107844,0.5043,2,0,0.9623,5149130,4195588,303155,9647873,0.5510,0.0860,0.4650,0.5510,-0.0693,-0.0693,34,19,0.6415,1.0000,5218137,4217386,564337,0.5530
2010,CO,Colorado,train,D,7,1,0.5455,0.0094,0.5361,0.5597,0.0052,0.5545,5,2,0.7143,1.0000,0.0489,284302,359253,0.4418,0,0,1.0000,804069,886057,78341,1768467,0.4757,0.0107,0.4650,0.4757,-0.0840,-0.0840,3,4,0.4286,1.0000,854685,824789,98194,0.5089
2010,CT,Connecticut,train,D,5,1,0.6132,0.0771,0.5361,0.6429,0.0884,0.5545,5,0,1.0000,1.0000,0.0725,0,101839,0.0000,0,0,1.0000,634947,457976,45279,1138202,0.5810,0.1159,0.4650,0.5810,-0.0619,-0.0619,5,0,1.0000,1.0000,605204,498341,49570,0.5484
2010,DE,Delaware,train,D,1,1,0.6264,0.0903,0.5361,0.3835,-0.1710,0.5545,0,1,0.0000,1.0000,0.0654,0,56214,0.0000,0,0,1.0000,173543,125442,6651,305636,0.5804,0.1154,0.4650,0.5804,0.1970,0.1970,1,0,1.0000,1.0000,174012,123053,10337,0.5858
2010,FL,Florida,train,D,25,1,0.5142,-0.0219,0.5361,0.4753,-0.0792,0.5545,10,15,0.4000,0.8800,0.1156,416205,596907,0.4108,4,1,0.8000,1853600,3004225,259595,5117420,0.3816,-0.0835,0.4650,0.3816,-0.0937,-0.0937,6,19,0.2400,1.0000,1092936,2645743,1672427,0.2923
2010,GA,Georgia,train,D,13,1,0.4737,-0.0624,0.5361,0.5084,-0.0461,0.5545,6,7,0.4615,0.8462,0.0687,301940,802495,0.2734,3,0,0.7692,940347,1528142,191,2468680,0.3809,-0.0841,0.4650,0.3809,-0.1275,-0.1275,5,8,0.3846,1.0000,996516,1489904,68838,0.4008
2010,HI,Hawaii,train,D,2,1,0.7299,0.1939,0.5361,0.7949,0.2404,0.5545,2,0,1.0000,1.0000,0.0788,197409,39188,0.8344,0,0,1.0000,226430,129127,4564,360121,0.6368,0.1718,0.4650,0.6368,-0.1581,-0.1581,2,0,1.0000,1.0000,277228,79939,13416,0.7762
2010,IA,Iowa,train,D,5,1,0.5485,0.0124,0.5361,0.5210,-0.0335,0.5545,3,2,0.6000,1.0000,0.0351,60106,200343,0.2308,0,0,1.0000,479874,597414,29303,1106591,0.4454,-0.0196,0.4650,0.4454,-0.0756,-0.0756,3,2,0.6000,1.0000,371686,718215,26162,0.3410
2010,ID,Idaho,train,D,2,1,0.3698,-0.1663,0.5361,0.4077,-0.1468,0.5545,1,1,0.5000,1.0000,0.0264,24698,158746,0.1346,0,0,1.0000,150884,263699,32561,447144,0.3639,-0.1011,0.4650,0.3639,-0.0437,-0.0437,0,2,0.0000,1.0000,112057,319953,17520,0.2594
2010,IL,Illinois,train,D,19,1,0.6273,0.0913,0.5361,0.6183,0.0638,0.5545,12,7,0.6316,0.9474,0.0496,836880,688748,0.5485,0,0,1.0000,1876316,1720016,99827,3696159,0.5217,0.0567,0.4650,0.5217,-0.0965,-0.0965,8,11,0.4211,1.0000,3360964,3456427,433066,0.4930
2010,IN,Indiana,train,D,9,1,0.5052,-0.0309,0.5361,0.5282,-0.0263,0.5545,5,4,0.5556,1.0000,0.0270,253648,542315,0.3187,0,0,1.0000,679462,972171,95587,1747220,0.4114,-0.0537,0.4650,0.4114,-0.1168,-0.1168,3,6,0.3333,1.0000,697775,952116,94590,0.4229
2010,KS,Kansas,train,D,4,1,0.4239,-0.1122,0.5361,0.4052,-0.1493,0.5545,1,3,0.2500,1.0000,0.0223,81063,325569,0.1994,0,0,1.0000,274992,528136,32401,835529,0.3424,-0.1226,0.4650,0.3424,-0.0628,-0.0628,0,4,0.0000,1.0000,220971,587175,29546,0.2734
2010,KY,Kentucky,train,D,6,1,0.4177,-0.1184,0.5361,0.4435,-0.1110,0.5545,2,4,0.3333,0.8333,0.0420,67206,91370,0.4238,0,0,1.0000,506319,844369,3610,1354298,0.3749,-0.0902,0.4650,0.3749,-0.0686,-0.0686,2,4,0.3333,1.0000,600052,755706,338,0.4426
2010,LA,Louisiana,train,D,7,1,0.4054,-0.1307,0.5361,0.4014,-0.1531,0.5545,1,6,0.1429,0.7143,0.4664,36773,66934,0.3546,2,0,0.7143,311221,675386,49340,1035947,0.3154,-0.1496,0.4650,0.3154,-0.0859,-0.0859,1,6,0.1429,1.0000,476572,715415,73007,0.3998
2010,MA,Massachusetts,train,D,10,0,0.6320,0.0959,0.5361,0.8758,0.3213,0.5545,10,0,1.0000,0.4000,0.1545,409617,218031,0.6526,0,1,0.9000,1335738,808305,80212,2224255,0.6230,0.1580,0.4650,0.6230,-0.2528,-0.2528,10,0,1.0000,0.0000,,,,
2010,MD,Maryland,train,D,8,1,0.6293,0.0932,0.5361,0.6875,0.1330,0.5545,7,1,0.8750,1.0000,0.0508,463001,249589,0.6497,0,0,1.0000,1104056,674266,47150,1825472,0.6208,0.1558,0.4650,0.6208,-0.0666,-0.0666,6,2,0.7500,1.0000,1140531,655666,37661,0.6350
2010,ME,Maine,train,D,2,0,0.5883,0.0522,0.5361,0.6082,0.0537,0.5545,2,0,1.0000,1.0000,0.0288,103427,86894,0.5434,0,0,1.0000,316156,248170,42,564368,0.5602,0.0952,0.4650,0.5602,-0.0480,-0.0480,2,0,1.0000,0.0000,,,,
2010,MI,Michigan,train,D,15,0,0.5837,0.0476,0.5361,0.5434,-0.0111,0.5545,8,7,0.5333,0.9333,0.0382,482815,937499,0.3399,0,0,1.0000,1415212,1671707,107982,3194901,0.4585,-0.0066,0.4650,0.4585,-0.0850,-0.0850,6,9,0.4000,0.0000,,,,
2010,MN,Minnesota,train,D,8,0,0.5523,0.0162,0.5361,0.6013,0.0468,0.5545,5,3,0.6250,1.0000,0.0370,321705,94044,0.7738,0,0,1.0000,1002026,970751,117814,2090591,0.5079,0.0429,0.4650,0.5079,-0.0934,-0.0934,4,4,0.5000,0.0000,,,,
2010,MO,Missouri,train,D,9,1,0.4993,-0.0368,0.5361,0.5183,-0.0362,0.5545,4,5,0.4444,0.8889,0.0355,255064,575593,0.3071,1,0,0.8889,708064,1103290,109321,1920675,0.3909,-0.0741,0.4650,0.3909,-0.1274,-0.1274,3,6,0.3333,1.0000,789736,1054160,100003,0.4283
2010,MS,Mississippi,train,D,4,0,0.4336,-0.1025,0.5361,0.5812,0.0267,0.5545,3,1,0.7500,1.0000,0.0195,7271,78049,0.0852,0,0,1.0000,350695,423579,14275,788549,0.4529,-0.0121,0.4650,0.4529,-0.1283,-0.1283,1,3,0.2500,0.0000,,,,
2010,MT,Montana,train,D,1,0,0.4883,-0.0478,0.5361,0.3358,-0.2187,0.5545,0,1,0.0000,1.0000,0.0192,62499,129601,0.3253,0,0,1.0000,121954,217696,20691,360341,0.3591,-0.1060,0.4650,0.3591,0.0233,0.0233,0,1,0.0000,0.0000,,,,
2010,NC,North Carolina,train,D,13,1,0.5017,-0.0344,0.5361,0.5468,-0.0077,0.5545,8,5,0.6154,1.0000,0.0222,164540,367775,0.3091,0,0,1.0000,1204635,1440913,17001,2662549,0.4553,-0.0097,0.4650,0.4553,-0.0914,-0.0914,7,6,0.5385,1.0000,1145074,1458046,56959,0.4399
2010,ND,North Dakota,train,D,1,1,0.4559,-0.0802,0.5361,0.6197,0.0652,0.5545,1,0,1.0000,1.0000,0.0084,28404,61190,0.3170,0,0,1.0000,106542,129802,793,237137,0.4508,-0.0143,0.4650,0.4508,-0.1689,-0.1689,0,1,0.0000,1.0000,52955,181689,4168,0.2257
2010,NE,Nebraska,train,D,3,0,0.4239,-0.1122,0.5361,0.3416,-0.2129,0.5545,0,3,0.0000,1.0000,0.0323,59555,168705,0.2609,0,0,1.0000,137524,327986,20036,485546,0.2954,-0.1696,0.4650,0.2954,-0.0462,-0.0462,0,3,0.0000,0.0000,,,,
2010,NH,New Hampshire,train,D,2,1,0.5487,0.0126,0.5361,0.5532,-0.0013,0.5545,2,0,1.0000,1.0000,0.0506,55973,134459,0.2939,0,0,1.0000,200563,230265,19697,450525,0.4655,0.0005,0.4650,0.4655,-0.0877,-0.0877,0,2,0.0000,1.0000,167545,273218,14386,0.3801
2010,NJ,New Jersey,train,D,13,0,0.5786,0.0426,0.5361,0.5667,0.0122,0.5545,8,5,0.6154,0.9231,0.1112,165065,248073,0.3995,0,0,1.0000,1024730,1055299,41555,2121584,0.4927,0.0276,0.4650,0.4927,-0.0740,-0.0740,7,6,0.5385,0.0000,,,,
2010,NM,New Mexico,train,D,3,0,0.5766,0.0406,0.5361,0.5874,0.0329,0.5545,3,0,1.0000,1.0000,0.0188,103461,104350,0.4979,0,0,1.0000,308473,289217,0,597690,0.5161,0.0511,0.4650,0.5161,-0.0713,-0.0713,2,1,0.6667,0.0000,,,,
2010,NV,Nevada,train,D,3,1,0.5639,0.0278,0.5361,0.5439,-0.0106,0.5545,2,1,0.6667,1.0000,0.0616,80989,167490,0.3259,0,0,1.0000,317835,357369,27584,702788,0.4707,0.0057,0.4650,0.4707,-0.0731,-0.0731,1,2,0.3333,1.0000,362785,321361,37258,0.5303
2010,NY,New York,train,D,29,1,0.6358,0.0997,0.5361,0.6819,0.1274,0.5545,26,3,0.8966,0.9310,0.1636,148807,167842,0.4699,0,1,0.9655,2378510,1560874,559979,4499363,0.6038,0.1387,0.4650,0.6038,-0.0781,-0.0781,21,8,0.7241,1.0000,5166091,2577913,1361563,0.6671
2010,OH,Ohio,train,D,18,1,0.5233,-0.0127,0.5361,0.5249,-0.0297,0.5545,10,8,0.5556,1.0000,0.0585,624999,773683,0.4468,0,0,1.0000,1611112,2053075,161087,3825274,0.4397,-0.0254,0.4650,0.4397,-0.0852,-0.0852,5,13,0.2778,1.0000,1503297,2168742,143059,0.4094
2010,OK,Oklahoma,train,D,5,1,0.3435,-0.1925,0.5361,0.3856,-0.1689,0.5545,1,4,0.2000,1.0000,0.0860,125141,241531,0.3413,2,0,0.6000,221966,519562,51451,792979,0.2993,-0.1657,0.4650,0.2993,-0.0862,-0.0862,1,4,0.2000,1.0000,265814,718482,32855,0.2701
2010,OR,Oregon,train,D,5,1,0.5841,0.0481,0.5361,0.6771,0.1226,0.5545,4,1,0.8000,0.8000,0.0795,330049,271516,0.5487,0,0,1.0000,733369,657007,38980,1429356,0.5275,0.0624,0.4650,0.5275,-0.1496,-0.1496,4,1,0.8000,1.0000,825507,566199,50882,0.5932
2010,PA,Pennsylvania,train,D,19,1,0.5523,0.0162,0.5361,0.5601,0.0056,0.5545,12,7,0.6316,0.9474,0.0375,876692,809025,0.5201,0,1,0.9474,1882202,2034145,40054,3956401,0.4806,0.0156,0.4650,0.4806,-0.0795,-0.0795,7,12,0.3684,1.0000,1948716,2028945,0,0.4899
2010,RI,Rhode Island,train,D,2,0,0.6420,0.1059,0.5361,0.7188,0.1643,0.5545,2,0,1.0000,1.0000,0.0711,101394,18138,0.8483,0,0,1.0000,185748,126951,22368,335067,0.5940,0.1290,0.4650,0.5940,-0.1248,-0.1248,2,0,1.0000,0.0000,,,,
2010,SC,South Carolina,train,D,6,1,0.4546,-0.0815,0.5361,0.4946,-0.0599,0.5545,2,4,0.3333,1.0000,0.0245,90823,605941,0.1303,0,0,1.0000,537323,753932,48934,1340189,0.4161,-0.0489,0.4650,0.4161,-0.0785,-0.0785,1,5,0.1667,1.0000,364598,810771,143425,0.3102
2010,SD,South Dakota,train,D,1,1,0.4570,-0.0790,0.5361,0.6756,0.1211,0.5545,1,0,1.0000,1.0000,0.0078,0,82041,0.0000,0,0,1.0000,146589,153703,19134,319426,0.4882,0.0231,0.4650,0.4882,-0.1874,-0.1874,0,1,0.0000,0.0000,0,227947,0,
2010,TN,Tennessee,train,D,9,0,0.4237,-0.1124,0.5361,0.5501,-0.0044,0.5545,5,4,0.5556,0.6667,0.1146,285499,654503,0.3037,0,0,1.0000,541527,955078,62524,1559129,0.3618,-0.1032,0.4650,0.3618,-0.1883,-0.1883,2,7,0.2222,0.0000,,,,
2010,TX,Texas,train,D,32,0,0.4406,-0.0954,0.5361,0.4148,-0.1397,0.5545,12,20,0.3750,0.7500,0.0680,489640,1377414,0.2623,6,0,0.8125,1450197,3058228,237188,4745613,0.3217,-0.1434,0.4650,0.3217,-0.0931,-0.0931,9,23,0.2812,0.0000,,,,
2010,UT,Utah,train,D,3,1,0.3547,-0.1813,0.5361,0.4386,-0.1159,0.5545,1,2,0.3333,1.0000,0.0163,34294,0,1.0000,0,0,1.0000,218236,390969,31290,640495,0.3582,-0.1068,0.4650,0.3582,-0.0804,-0.0804,1,2,0.3333,1.0000,207685,390179,35965,0.3474
2010,VA,Virginia,train,D,11,0,0.5318,-0.0043,0.5361,0.5381,-0.0164,0.5545,6,5,0.5455,0.8182,0.0612,0,154393,0.0000,1,0,0.9091,911116,1186098,92627,2189841,0.4344,-0.0306,0.4650,0.4344,-0.1036,-0.1036,3,8,0.2727,0.0000,,,,
2010,VT,Vermont,train,D,1,1,0.6890,0.1529,0.5361,1.0000,0.4455,0.5545,1,0,1.0000,0.0000,0.0827,66833,24632,0.7307,0,0,1.0000,154006,76403,8112,238521,0.6684,0.2034,0.4650,0.6684,-0.3316,-0.3316,1,0,1.0000,1.0000,151281,72699,11198,0.6754
2010,WA,Washington,train,D,9,1,0.5875,0.0514,0.5361,0.5920,0.0375,0.5545,6,3,0.6667,1.0000,0.0403,680495,654762,0.5096,0,1,0.8889,1296502,1135166,47741,2479409,0.5332,0.0681,0.4650,0.5332,-0.0588,-0.0588,5,4,0.5556,1.0000,1314930,1196164,0,0.5236
2010,WI,Wisconsin,train,D,8,1,0.5706,0.0345,0.5361,0.5204,-0.0341,0.5545,5,3,0.6250,0.7500,0.0698,213588,544433,0.2818,0,0,1.0000,938690,1165761,36031,2140482,0.4460,-0.0190,0.4650,0.4460,-0.0744,-0.0744,3,5,0.3750,1.0000,1020958,1125999,24374,0.4755
2010,WV,West Virginia,train,D,3,1,0.4333,-0.1028,0.5361,0.6695,0.1150,0.5545,2,1,0.6667,0.6667,0.0952,160763,87190,0.6484,0,0,1.0000,227857,283085,3431,514373,0.4460,-0.0191,0.4650,0.4460,-0.2235,-0.2235,1,2,0.3333,1.0000,283358,230013,16577,0.5520
2010,WY,Wyoming,train,D,1,0,0.3344,-0.2017,0.5361,0.4486,-0.1059,0.5545,0,1,0.0000,1.0000,0.0207,20608,101500,0.1688,0,0,1.0000,45768,131661,9540,186969,0.2580,-0.2071,0.4650,0.2580,-0.1906,-0.1906,0,1,0.0000,0.0000,,,,
2014,AK,Alaska,train,D,1,1,0.4268,-0.0919,0.5187,0.3092,-0.1970,0.5062,0,1,0.0000,1.0000,0.0356,106867,47867,0.6906,0,0,1.0000,114602,142572,22567,279741,0.4456,-0.0253,0.4709,0.4456,0.1364,0.1364,0,1,0.0000,1.0000,129431,135445,17524,0.4886
2014,AL,Alabama,train,D,7,1,0.3878,-0.1309,0.5187,0.3599,-0.1463,0.5062,1,6,0.1429,0.8571,0.0678,89327,296918,0.2313,2,1,0.5714,331764,704533,44583,1080880,0.3201,-0.1508,0.4709,0.3201,-0.0397,-0.0397,1,6,0.1429,0.0000,0,795606,22484,
2014,AR,Arkansas,train,D,4,1,0.3785,-0.1403,0.5187,0.3234,-0.1828,0.5062,0,4,0.0000,0.7500,0.0294,0,88688,0.0000,1,0,0.7500,254774,509631,66247,830652,0.3333,-0.1376,0.4709,0.3333,0.0099,0.0099,0,4,0.0000,1.0000,334174,478819,34512,0.4110
2014,AZ,Arizona,train,D,9,0,0.4539,-0.0648,0.5187,0.4556,-0.0506,0.5062,5,4,0.5556,0.8889,0.0548,256830,467538,0.3546,1,1,0.7778,577947,817178,72492,1467617,0.4143,-0.0567,0.4709,0.4143,-0.0413,-0.0413,4,5,0.4444,0.0000,,,,
2014,CA,California,train,D,53,0,0.6187,0.1000,0.5187,0.6201,0.1139,0.5062,38,15,0.7170,0.7736,0.0640,2277658,1731356,0.5681,2,9,0.7925,4067737,2950679,114005,7132421,0.5796,0.1087,0.4709,0.5796,-0.0405,-0.0405,39,14,0.7358,0.0000,,,,
2014,CO,Colorado,train,D,7,1,0.5275,0.0088,0.5187,0.4858,-0.0204,0.5062,3,4,0.4286,0.8571,0.0462,203454,353237,0.3655,0,0,1.0000,936417,1000197,63911,2000525,0.4835,0.0126,0.4709,0.4835,-0.0022,-0.0022,3,4,0.4286,1.0000,944203,983891,112964,0.4897
2014,CT,Connecticut,train,D,5,0,0.5877,0.0690,0.5187,0.6432,0.1370,0.5062,5,0,1.0000,1.0000,0.0593,0,0,,0,0,1.0000,596390,409513,61954,1067857,0.5929,0.1220,0.4709,0.5929,-0.0503,-0.0503,5,0,1.0000,0.0000,,,,
2014,DE,Delaware,train,D,1,1,0.5945,0.0758,0.5187,0.6583,0.1521,0.5062,1,0,1.0000,1.0000,0.0625,0,0,,0,0,1.0000,137251,85146,9220,231617,0.6171,0.1462,0.4709,0.6171,-0.0411,-0.0411,1,0,1.0000,1.0000,130655,98823,4560,0.5694
2014,FL,Florida,train,D,27,0,0.5044,-0.0143,0.5187,0.4699,-0.0363,0.5062,10,17,0.3704,0.7778,0.1134,163961,342452,0.3238,5,2,0.7407,2130626,2713451,154478,4998555,0.4398,-0.0311,0.4709,0.4398,-0.0301,-0.0301,10,17,0.3704,0.0000,,,,
2014,GA,Georgia,train,D,14,1,0.4604,-0.0583,0.5187,0.4078,-0.0984,0.5062,5,9,0.3571,0.7857,0.0888,268014,649472,0.2921,4,3,0.5000,956361,1349076,228,2305665,0.4148,-0.0561,0.4709,0.4148,0.0070,0.0070,4,10,0.2857,1.0000,1160811,1358088,48906,0.4608
2014,HI,Hawaii,train,D,2,1,0.7170,0.1983,0.5187,0.6745,0.1683,0.5062,2,0,1.0000,1.0000,0.0280,210607,37599,0.8485,0,0,1.0000,235400,120084,4693,360177,0.6622,0.1913,0.4709,0.6622,-0.0123,-0.0123,2,0,1.0000,1.0000,246827,98006,8941,0.7158
2014,IA,Iowa,train,D,4,1,0.5296,0.0109,0.5187,0.5153,0.0091,0.5062,2,2,0.5000,1.0000,0.0287,64276,147261,0.3039,0,0,1.0000,509189,595865,15280,1120334,0.4608,-0.0101,0.4709,0.4608,-0.0545,-0.0545,1,3,0.2500,1.0000,494370,588575,46755,0.4565
2014,ID,Idaho,train,D,2,1,0.3358,-0.1829,0.5187,0.3389,-0.1673,0.5062,0,2,0.0000,1.0000,0.0261,25575,150436,0.1453,0,0,1.0000,160078,275079,0,435157,0.3679,-0.1031,0.4709,0.3679,0.0290,0.0290,0,2,0.0000,1.0000,151574,285596,0,0.3467
2014,IL,Illinois,train,D,18,1,0.5858,0.0671,0.5187,0.5541,0.0479,0.5062,12,6,0.6667,1.0000,0.0351,424718,677940,0.3852,0,0,1.0000,1822779,1721865,23358,3568002,0.5142,0.0433,0.4709,0.5142,-0.0399,-0.0399,10,8,0.5556,1.0000,1929637,1538522,135360,0.5564
2014,IN,Indiana,train,D,9,0,0.4480,-0.0707,0.5187,0.4581,-0.0481,0.5062,2,7,0.2222,1.0000,0.0270,171967,352619,0.3278,0,0,1.0000,502104,793759,44951,1340814,0.3875,-0.0835,0.4709,0.3875,-0.0706,-0.0706,2,7,0.2222,0.0000,,,,
2014,KS,Kansas,train,D,4,1,0.3889,-0.1298,0.5187,0.2088,-0.2974,0.5062,0,4,0.0000,0.5000,0.0881,62960,255345,0.1978,0,0,1.0000,311530,540756,9791,862077,0.3655,-0.1054,0.4709,0.3655,0.1568,0.1568,0,4,0.0000,0.0000,0,460350,405841,
2014,KY,Kentucky,train,D,6,1,0.3846,-0.1341,0.5187,0.3999,-0.1063,0.5062,1,5,0.1667,1.0000,0.0288,271313,0,1.0000,0,0,1.0000,508151,887157,2318,1397626,0.3642,-0.1067,0.4709,0.3642,-0.0357,-0.0357,1,5,0.1667,1.0000,584698,806787,44383,0.4202
2014,LA,Louisiana,train,D,6,1,0.4125,-0.1062,0.5187,0.2262,-0.2800,0.5062,1,5,0.1667,0.5000,0.2524,0,0,,2,1,0.5000,394840,823684,123849,1342373,0.3240,-0.1469,0.4709,0.3240,0.0978,0.0978,1,5,0.1667,1.0000,1200443,1532156,13034,0.4393
2014,MA,Massachusetts,train,D,9,1,0.6179,0.0991,0.5187,0.7489,0.2427,0.5062,9,0,1.0000,0.6667,0.0872,451056,60761,0.8813,0,6,0.3333,1475442,308598,29776,1813816,0.8270,0.3561,0.4709,0.8270,0.0781,0.0781,9,0,1.0000,1.0000,1289944,791950,3078,0.6196
2014,MD,Maryland,train,D,8,0,0.6332,0.1145,0.5187,0.6567,0.1505,0.5062,7,1,0.8750,1.0000,0.0450,451194,187424,0.7065,0,0,1.0000,978283,704400,20354,1703037,0.5814,0.1105,0.4709,0.5814,-0.0753,-0.0753,7,1,0.8750,0.0000,,,,
2014,ME,Maine,train,D,2,1,0.5786,0.0599,0.5187,0.6166,0.1104,0.5062,2,0,1.0000,1.0000,0.0272,58972,51784,0.5324,0,0,1.0000,305230,228059,59057,592346,0.5724,0.1014,0.4709,0.5724,-0.0443,-0.0443,1,1,0.5000,1.0000,190244,413495,269,0.3151
2014,MI,Michigan,train,D,14,1,0.5480,0.0293,0.5187,0.5273,0.0211,0.5062,5,9,0.3571,1.0000,0.0330,512540,633734,0.4471,0,0,1.0000,1519030,1466749,103698,3089477,0.5088,0.0378,0.4709,0.5088,-0.0186,-0.0186,5,9,0.3571,1.0000,1704936,1290199,126640,0.5692
2014,MN,Minnesota,train,D,8,1,0.5394,0.0207,0.5187,0.5632,0.0571,0.5062,5,3,0.6250,1.0000,0.0419,45036,68536,0.3965,0,0,1.0000,985760,913539,64240,1963539,0.5190,0.0481,0.4709,0.5190,-0.0442,-0.0442,5,3,0.6250,1.0000,1053205,850227,78096,0.5533
2014,MO,Missouri,train,D,8,0,0.4522,-0.0665,0.5187,0.4334,-0.0728,0.5062,2,6,0.2500,1.0000,0.0295,312493,508482,0.3806,0,0,1.0000,513600,838283,74420,1426303,0.3799,-0.0910,0.4709,0.3799,-0.0535,-0.0535,2,6,0.2500,0.0000,,,,
2014,MS,Mississippi,train,D,4,1,0.4420,-0.0767,0.5187,0.3690,-0.1372,0.5062,1,3,0.2500,0.7500,0.0602,95094,256871,0.2702,0,1,0.7500,230014,329169,67096,626279,0.4113,-0.0596,0.4709,0.4113,0.0424,0.0424,1,3,0.2500,1.0000,239439,378481,13938,0.3875
2014,MT,Montana,train,D,1,1,0.4297,-0.0891,0.5187,0.4451,-0.0611,0.5062,0,1,0.0000,1.0000,0.0089,71168,131623,0.3509,0,0,1.0000,148690,203871,15402,367963,0.4217,-0.0492,0.4709,0.4217,-0.0234,-0.0234,0,1,0.0000,1.0000,148184,213709,7933,0.4095
2014,NC,North Carolina,train,D,13,1,0.4897,-0.0291,0.5187,0.5093,0.0031,0.5062,4,9,0.3077,1.0000,0.0269,338211,369030,0.4782,1,0,0.9231,1234027,1555364,18607,2807998,0.4424,-0.0285,0.4709,0.4424,-0.0669,-0.0669,3,10,0.2308,1.0000,1377651,1423259,114371,0.4919
2014,ND,North Dakota,train,D,1,0,0.3988,-0.1199,0.5187,0.4319,-0.0743,0.5062,0,1,0.0000,1.0000,0.0203,30154,50339,0.3746,0,0,1.0000,95678,138100,14892,248670,0.4093,-0.0617,0.4709,0.4093,-0.0227,-0.0227,0,1,0.0000,0.0000,,,,
2014,NE,Nebraska,train,D,3,1,0.3887,-0.1300,0.5187,0.3576,-0.1486,0.5062,0,3,0.0000,1.0000,0.0275,63607,215348,0.2280,0,0,1.0000,185234,340816,9480,535530,0.3521,-0.1188,0.4709,0.3521,-0.0055,-0.0055,1,2,0.3333,1.0000,170127,347636,22574,0.3286
2014,NH,New Hampshire,train,D,2,1,0.5283,0.0096,0.5187,0.5224,0.0162,0.5062,2,0,1.0000,1.0000,0.0402,38852,115170,0.2522,0,0,1.0000,247469,232379,1072,480920,0.5157,0.0448,0.4709,0.5157,-0.0067,-0.0067,1,1,0.5000,1.0000,251184,235347,1628,0.5163
2014,NJ,New Jersey,train,D,12,1,0.5899,0.0712,0.5187,0.5564,0.0502,0.5062,6,6,0.5000,1.0000,0.0984,229197,156498,0.5942,0,0,1.0000,914172,877265,29928,1821365,0.5103,0.0394,0.4709,0.5103,-0.0461,-0.0461,6,6,0.5000,1.0000,1043866,791297,34372,0.5688
2014,NM,New Mexico,train,D,3,1,0.5530,0.0342,0.5187,0.5663,0.0602,0.5062,2,1,0.6667,1.0000,0.0481,108800,60642,0.6421,0,0,1.0000,271222,240542,121,511885,0.5300,0.0591,0.4709,0.5300,-0.0364,-0.0364,2,1,0.6667,1.0000,286409,229097,0,0.5556
2014,NV,Nevada,train,D,4,0,0.5341,0.0154,0.5187,0.4978,-0.0084,0.5062,2,2,0.5000,1.0000,0.0406,71485,35519,0.6681,0,0,1.0000,210147,304809,28053,543009,0.4081,-0.0628,0.4709,0.4081,-0.0898,-0.0898,1,3,0.2500,0.0000,,,,
2014,NY,New York,train,D,27,0,0.6430,0.1243,0.5187,0.6670,0.1608,0.5062,21,6,0.7778,0.9630,0.0863,94518,94630,0.4997,1,9,0.6296,1788105,1257412,606190,3651707,0.5871,0.1162,0.4709,0.5871,-0.0799,-0.0799,18,9,0.6667,0.0000,,,,
2014,OH,Ohio,train,D,16,0,0.5151,-0.0036,0.5187,0.4794,-0.0268,0.5062,4,12,0.2500,0.8750,0.0789,363214,543274,0.4007,1,0,0.9375,1179587,1770923,49651,3000161,0.3998,-0.0711,0.4709,0.3998,-0.0796,-0.0796,4,12,0.2500,0.0000,,,,
2014,OK,Oklahoma,train,D,5,1,0.3323,-0.1864,0.5187,0.3238,-0.1824,0.5062,0,5,0.0000,1.0000,0.0067,129436,235094,0.3551,1,0,0.8000,174022,457613,21778,653413,0.2755,-0.1954,0.4709,0.2755,-0.0483,-0.0483,0,5,0.0000,1.0000,472230,1115168,54225,0.2975
2014,OR,Oregon,train,D,5,1,0.5627,0.0440,0.5187,0.5799,0.0737,0.5062,4,1,0.8000,1.0000,0.0453,271317,237282,0.5335,0,0,1.0000,778139,582909,89654,1450702,0.5717,0.1008,0.4709,0.5717,-0.0082,-0.0082,4,1,0.8000,1.0000,814537,538847,108234,0.6019
2014,PA,Pennsylvania,train,D,18,0,0.5273,0.0086,0.5187,0.5076,0.0014,0.5062,5,13,0.2778,1.0000,0.0343,646868,430059,0.6007,2,1,0.8333,1467594,1833205,22734,3323533,0.4446,-0.0263,0.4709,0.4446,-0.0630,-0.0630,5,13,0.2778,0.0000,,,,
2014,RI,Rhode Island,train,D,2,1,0.6402,0.1215,0.5187,0.5897,0.0835,0.5062,2,0,1.0000,1.0000,0.0410,105331,23156,0.8198,0,0,1.0000,192776,122721,760,316257,0.6110,0.1401,0.4709,0.6110,0.0214,0.0214,2,0,1.0000,1.0000,223675,92684,539,0.7070
2014,SC,South Carolina,train,D,7,1,0.4469,-0.0718,0.5187,0.4104,-0.0958,0.5062,1,6,0.1429,0.7143,0.0822,63382,69137,0.4783,2,0,0.7143,377025,734456,44301,1155782,0.3392,-0.1317,0.4709,0.3392,-0.0712,-0.0712,1,6,0.1429,1.0000,916309,1430156,132592,0.3905
2014,SD,South Dakota,train,D,1,1,0.4078,-0.1109,0.5187,0.4255,-0.0807,0.5062,0,1,0.0000,1.0000,0.0066,0,0,,0,0,1.0000,92485,183834,0,276319,0.3347,-0.1362,0.4709,0.3347,-0.0908,-0.0908,0,1,0.0000,1.0000,82456,140741,56215,0.3694
2014,TN,Tennessee,train,D,9,1,0.3965,-0.1222,0.5187,0.3677,-0.1385,0.5062,2,7,0.2222,0.8889,0.0711,243116,641341,0.2749,1,0,0.8889,448421,848850,73890,1371161,0.3457,-0.1253,0.4709,0.3457,-0.0221,-0.0221,2,7,0.2222,1.0000,437848,850087,86130,0.3400
2014,TX,Texas,train,D,36,1,0.4199,-0.0988,0.5187,0.3998,-0.1064,0.5062,12,24,0.3333,0.8611,0.0412,419810,1259181,0.2500,7,6,0.6389,1474016,2684592,294891,4453499,0.3544,-0.1165,0.4709,0.3544,-0.0453,-0.0453,11,25,0.3056,1.0000,1597387,2861531,189440,0.3582
2014,UT,Utah,train,D,4,0,0.2537,-0.2650,0.5187,0.3336,-0.1726,0.5062,1,3,0.2500,1.0000,0.0182,0,0,,0,0,1.0000,183491,351034,31445,565970,0.3433,-0.1276,0.4709,0.3433,0.0097,0.0097,0,4,0.0000,0.0000,,,,
2014,VA,Virginia,train,D,11,1,0.5197,0.0010,0.5187,0.4904,-0.0158,0.5062,3,8,0.2727,1.0000,0.0296,38866,96301,0.2875,2,1,0.7273,845939,1143747,145645,2135331,0.4252,-0.0458,0.4709,0.4252,-0.0652,-0.0652,3,8,0.2727,1.0000,1073667,1055940,54866,0.5042
2014,VT,Vermont,train,D,1,0,0.6825,0.1638,0.5187,0.7554,0.2492,0.5062,1,0,1.0000,1.0000,0.0313,19472,12888,0.6017,0,0,1.0000,123349,59432,8723,191504,0.6748,0.2039,0.4709,0.6748,-0.0806,-0.0806,1,0,1.0000,0.0000,,,,
2014,WA,Washington,train,D,10,0,0.5763,0.0576,0.5187,0.5444,0.0382,0.5062,6,4,0.6000,1.0000,0.0382,581029,535678,0.5203,1,0,0.9000,1047747,981853,0,2029600,0.5162,0.0453,0.4709,0.5162,-0.0282,-0.0282,6,4,0.6000,0.0000,,,,
2014,WI,Wisconsin,train,D,8,0,0.5352,0.0165,0.5187,0.5076,0.0014,0.5062,3,5,0.3750,1.0000,0.0660,272108,254324,0.5169,0,0,1.0000,1102581,1233464,19535,2355580,0.4720,0.0011,0.4709,0.4720,-0.0356,-0.0356,3,5,0.3750,0.0000,,,,
2014,WV,West Virginia,train,D,3,1,0.3633,-0.1555,0.5187,0.4009,-0.1053,0.5062,1,2,0.3333,1.0000,0.0434,126414,77162,0.6210,0,0,1.0000,182484,242832,14072,439388,0.4291,-0.0419,0.4709,0.4291,0.0282,0.0282,0,3,0.0000,1.0000,156360,281820,15509,0.3568
2014,WY,Wyoming,train,D,1,1,0.2884,-0.2303,0.5187,0.2570,-0.2492,0.5062,0,1,0.0000,1.0000,0.0299,14399,93443,0.1335,0,0,1.0000,37803,113038,14259,165100,0.2506,-0.2203,0.4709,0.2506,-0.0064,-0.0064,0,1,0.0000,1.0000,29377,121554,17459,0.1946
2018,AK,Alaska,train,R,1,0,0.4161,-0.0940,0.5101,0.4172,-0.0776,0.4948,0,1,0.0000,1.0000,0.0327,40551,70105,0.3665,0,0,1.0000,131199,149779,1188,282166,0.4669,-0.0769,0.5438,0.5331,0.0497,-0.0497,0,1,0.0000,0.0000,,,,
2018,AL,Alabama,train,R,7,0,0.3563,-0.1538,0.5101,0.3373,-0.1575,0.4948,1,6,0.1429,0.5714,0.1101,116382,370299,0.2391,0,1,0.8571,678687,975737,5471,1659895,0.4102,-0.1336,0.5438,0.5898,0.0730,-0.0730,1,6,0.1429,0.0000,,,,
2018,AR,Arkansas,train,R,4,0,0.3571,-0.1530,0.5101,0.1277,-0.3671,0.4948,0,4,0.0000,0.2500,0.0549,40344,107097,0.2736,0,0,1.0000,312978,556339,19981,889298,0.3600,-0.1838,0.5438,0.6400,0.2323,-0.2323,0,4,0.0000,0.0000,,,,
2018,AZ,Arizona,train,R,9,1,0.4811,-0.0290,0.5101,0.4500,-0.0448,0.4948,4,5,0.4444,0.7778,0.0626,480782,575517,0.4552,0,1,0.8889,1179193,1139251,22826,2341270,0.5086,-0.0352,0.5438,0.4914,0.0586,-0.0586,5,4,0.5556,1.0000,1191100,1135200,58008,0.5120
2018,CA,California,train,R,53,1,0.6613,0.1512,0.5101,0.6481,0.1533,0.4948,39,14,0.7358,0.8302,0.0541,4189106,2262787,0.6493,1,8,0.8302,8010445,3973396,200681,12184522,0.6684,0.1246,0.5438,0.3316,0.0203,-0.0203,46,7,0.8679,0.0000,11113364,0,0,
2018,CO,Colorado,train,R,7,0,0.5268,0.0167,0.5101,0.4951,0.0003,0.4948,3,4,0.4286,1.0000,0.0283,580796,436182,0.5711,0,0,1.0000,1343211,1079772,90923,2513906,0.5544,0.0105,0.5438,0.4456,0.0592,-0.0592,4,3,0.5714,0.0000,,,,
2018,CT,Connecticut,train,R,5,1,0.5714,0.0613,0.5101,0.6216,0.1267,0.4948,5,0,1.0000,1.0000,0.0424,39657,32098,0.5527,0,0,1.0000,808652,512495,58661,1379808,0.6121,0.0682,0.5438,0.3879,-0.0095,0.0095,5,0,1.0000,1.0000,787685,545717,53438,0.5907
2018,DE,Delaware,train,R,1,1,0.5600,0.0499,0.5101,0.5755,0.0806,0.4948,1,0,1.0000,1.0000,0.0522,0,36932,0.0000,0,0,1.0000,227353,125384,1077,353814,0.6445,0.1007,0.5438,0.3555,0.0691,-0.0691,1,0,1.0000,1.0000,217385,137127,8094,0.6132
2018,FL,Florida,train,R,27,1,0.4938,-0.0163,0.5101,0.4571,-0.0378,0.4948,11,16,0.4074,0.9630,0.0618,1092027,707749,0.6068,0,5,0.8148,3307228,3675417,38831,7021476,0.4736,-0.0702,0.5438,0.5264,0.0166,-0.0166,13,14,0.4815,1.0000,4089472,4099505,1028,0.4994
2018,GA,Georgia,train,R,14,0,0.4734,-0.0367,0.5101,0.3974,-0.0975,0.4948,4,10,0.2857,0.6429,0.0831,529669,524784,0.5023,1,1,0.8571,1814469,1987191,683,3802343,0.4773,-0.0666,0.5438,0.5227,0.0799,-0.0799,5,9,0.3571,0.0000,,,,
2018,HI,Hawaii,train,R,2,1,0.6744,0.1643,0.5101,0.7869,0.2921,0.4948,2,0,1.0000,1.0000,0.0375,232009,25243,0.9019,0,0,1.0000,287921,87348,7063,382332,0.7672,0.2234,0.5438,0.2328,-0.0197,0.0197,2,0,1.0000,1.0000,276316,112035,0,0.7115
2018,IA,Iowa,train,R,4,0,0.4494,-0.0607,0.5101,0.4532,-0.0416,0.4948,1,3,0.2500,1.0000,0.0322,172905,95010,0.6454,0,0,1.0000,664676,612338,39634,1316648,0.5205,-0.0234,0.5438,0.4795,0.0673,-0.0673,3,1,0.7500,0.0000,,,,
2018,ID,Idaho,train,R,2,0,0.3169,-0.1932,0.5101,0.3183,-0.1765,0.4948,0,2,0.0000,1.0000,0.0125,55070,171476,0.2431,0,0,1.0000,207303,367993,20428,595724,0.3603,-0.1835,0.5438,0.6397,0.0420,-0.0420,0,2,0.0000,0.0000,,,,
2018,IL,Illinois,train,R,18,0,0.5902,0.0801,0.5101,0.5397,0.0448,0.4948,11,7,0.6111,0.7778,0.0532,1220901,640187,0.6560,0,0,1.0000,2757540,1754449,27715,4539704,0.6112,0.0673,0.5438,0.3888,0.0715,-0.0715,13,5,0.7222,0.0000,,,,
2018,IN,Indiana,train,R,9,1,0.3988,-0.1113,0.5101,0.4219,-0.0730,0.4948,2,7,0.2222,0.8889,0.0280,292879,491801,0.3732,0,0,1.0000,1000104,1247978,8067,2256149,0.4449,-0.0990,0.5438,0.5551,0.0230,-0.0230,2,7,0.2222,1.0000,1023553,1158000,101012,0.4692
2018,KS,Kansas,train,R,4,0,0.3889,-0.1212,0.5101,0.3136,-0.1812,0.4948,0,4,0.0000,0.7500,0.0090,149706,306652,0.3280,0,0,1.0000,464380,563190,22752,1050322,0.4519,-0.0919,0.5438,0.5481,0.1383,-0.1383,1,3,0.2500,0.0000,,,,
2018,KY,Kentucky,train,R,6,0,0.3433,-0.1668,0.5101,0.2929,-0.2020,0.4948,1,5,0.1667,0.6667,0.0825,318325,161102,0.6640,0,0,1.0000,612977,935304,21517,1569798,0.3959,-0.1479,0.5438,0.6041,0.1031,-0.1031,1,5,0.1667,0.0000,,,,
2018,LA,Louisiana,train,R,6,0,0.3983,-0.1118,0.5101,0.3290,-0.1658,0.4948,1,5,0.1667,0.6667,0.2754,0,0,,0,1,0.8333,553184,835715,71694,1460593,0.3983,-0.1456,0.5438,0.6017,0.0692,-0.0692,1,5,0.1667,0.0000,,,,
2018,MA,Massachusetts,train,R,9,1,0.6465,0.1364,0.5101,0.8386,0.3438,0.4948,9,0,1.0000,0.4444,0.1156,648520,132070,0.8308,0,4,0.5556,1943597,497953,43531,2485081,0.7961,0.2522,0.5438,0.2039,-0.0426,0.0426,9,0,1.0000,1.0000,1633371,979210,94509,0.6252
2018,MD,Maryland,train,R,8,1,0.6402,0.1301,0.5101,0.6297,0.1349,0.4948,7,1,0.8750,1.0000,0.0265,582934,183386,0.7607,0,0,1.0000,1493047,737906,55331,2286284,0.6692,0.1254,0.5438,0.3308,0.0395,-0.0395,7,1,0.8750,1.0000,1491614,697017,111258,0.6815
2018,ME,Maine,train,R,2,1,0.5160,0.0059,0.5101,0.5196,0.0248,0.4948,1,1,0.5000,1.0000,0.0045,119587,83726,0.5882,0,0,1.0000,333208,245372,53097,631677,0.5759,0.0321,0.5438,0.4241,0.0563,-0.0563,2,0,1.0000,1.0000,66268,223502,344639,0.2287
2018,MI,Michigan,train,R,14,1,0.4988,-0.0113,0.5101,0.4944,-0.0004,0.4948,5,9,0.3571,1.0000,0.0267,1094386,842150,0.5651,0,1,0.9286,2175003,1853459,126241,4154703,0.5399,-0.0039,0.5438,0.4601,0.0455,-0.0455,7,7,0.5000,1.0000,2214478,1938818,83975,0.5332
2018,MN,Minnesota,train,R,8,1,0.5083,-0.0018,0.5101,0.5180,0.0232,0.4948,5,3,0.6250,1.0000,0.0287,490939,257337,0.6561,0,0,1.0000,1420769,1125533,30694,2576996,0.5580,0.0141,0.5438,0.4420,0.0399,-0.0399,5,3,0.6250,1.0000,2936714,2036214,211307,0.5905
2018,MO,Missouri,train,R,8,1,0.4018,-0.1083,0.5101,0.3942,-0.1007,0.4948,2,6,0.2500,1.0000,0.0208,560834,652207,0.4623,0,0,1.0000,1027969,1330975,59469,2418413,0.4358,-0.1081,0.5438,0.5642,0.0416,-0.0416,2,6,0.2500,1.0000,1112935,1254927,74427,0.4700
2018,MS,Mississippi,train,R,4,1,0.4091,-0.1010,0.5101,0.3979,-0.0969,0.4948,1,3,0.2500,1.0000,0.0224,81996,186634,0.3052,0,1,0.7500,398770,471162,68971,938903,0.4584,-0.0855,0.5438,0.5416,0.0605,-0.0605,1,3,0.2500,1.0000,369567,547619,1872084,0.4029
2018,MT,Montana,train,R,1,1,0.3889,-0.1212,0.5101,0.4192,-0.0757,0.4948,0,1,0.0000,1.0000,-0.0215,111915,136406,0.4507,0,0,1.0000,233284,256661,14476,504421,0.4761,-0.0677,0.5438,0.5239,0.0570,-0.0570,0,1,0.0000,1.0000,253876,235963,14545,0.5183
2018,NC,North Carolina,train,R,13,0,0.4810,-0.0291,0.5101,0.4668,-0.0280,0.4948,3,10,0.2308,1.0000,0.0302,376557,245461,0.6054,1,0,0.9231,1771061,1846041,46224,3663326,0.4896,-0.0542,0.5438,0.5104,0.0228,-0.0228,3,9,0.2308,0.0000,,,,
2018,ND,North Dakota,train,R,1,1,0.3019,-0.2082,0.5101,0.2557,-0.2391,0.4948,0,1,0.0000,1.0000,0.0171,33801,66465,0.3371,0,0,1.0000,114377,193568,13587,321532,0.3714,-0.1724,0.5438,0.6286,0.1157,-0.1157,0,1,0.0000,1.0000,144376,179720,2042,0.4455
2018,NE,Nebraska,train,R,3,1,0.3645,-0.1456,0.5101,0.2839,-0.2109,0.4948,0,3,0.0000,0.6667,0.0663,91520,163051,0.3595,0,0,1.0000,264493,432077,0,696570,0.3797,-0.1641,0.5438,0.6203,0.0958,-0.0958,0,3,0.0000,1.0000,269917,403151,25815,0.4010
2018,NH,New Hampshire,train,R,2,0,0.5020,-0.0081,0.5101,0.5156,0.0208,0.4948,2,0,1.0000,1.0000,0.0370,121041,93326,0.5646,0,0,1.0000,311242,248986,10516,570744,0.5556,0.0117,0.5438,0.4444,0.0400,-0.0400,2,0,1.0000,0.0000,,,,
2018,NJ,New Jersey,train,R,12,1,0.5728,0.0627,0.5101,0.5416,0.0468,0.4948,7,5,0.5833,1.0000,0.1060,410695,225893,0.6452,0,0,1.0000,1856819,1198664,43260,3098743,0.6077,0.0639,0.5438,0.3923,0.0661,-0.0661,11,1,0.9167,1.0000,1711654,1357355,100301,0.5577
2018,NM,New Mexico,train,R,3,1,0.5465,0.0364,0.5101,0.5601,0.0653,0.4948,2,1,0.6667,1.0000,0.0228,161568,72496,0.6903,0,0,1.0000,404026,264701,24584,693311,0.6042,0.0603,0.5438,0.3958,0.0440,-0.0440,3,0,1.0000,1.0000,376998,212813,107201,0.6392
2018,NV,Nevada,train,R,4,1,0.5129,0.0028,0.5101,0.5050,0.0102,0.4948,3,1,0.7500,1.0000,0.0417,137622,137507,0.5002,0,0,1.0000,491272,439727,29775,960774,0.5277,-0.0162,0.5438,0.4723,0.0227,-0.0227,3,1,0.7500,1.0000,490071,441202,40859,0.5262
2018,NY,New York,train,R,27,1,0.6177,0.1076,0.5101,0.6625,0.1677,0.4948,18,9,0.6667,0.8519,0.0784,343322,21472,0.9411,0,6,0.7778,3760566,1639593,547543,5947702,0.6964,0.1525,0.5438,0.3036,0.0339,-0.0339,21,6,0.7778,1.0000,3755489,1730439,573095,0.6846
2018,OH,Ohio,train,R,16,1,0.4573,-0.0528,0.5101,0.4183,-0.0765,0.4948,4,12,0.2500,1.0000,0.0506,604956,755554,0.4447,0,0,1.0000,2084854,2295373,32341,4412568,0.4760,-0.0679,0.5438,0.5240,0.0577,-0.0577,4,12,0.2500,1.0000,2358508,2057559,1017,0.5341
2018,OK,Oklahoma,train,R,5,0,0.3070,-0.2032,0.5101,0.2808,-0.2140,0.4948,0,5,0.0000,0.8000,0.2201,490230,402695,0.5490,0,0,1.0000,428452,730531,19853,1178836,0.3697,-0.1742,0.5438,0.6303,0.0889,-0.0889,1,4,0.2000,0.0000,,,,
2018,OR,Oregon,train,R,5,0,0.5616,0.0515,0.5101,0.5593,0.0645,0.4948,4,1,0.8000,1.0000,0.0447,390482,257546,0.6026,0,0,1.0000,1061412,702531,83703,1847646,0.6017,0.0579,0.5438,0.3983,0.0424,-0.0424,4,1,0.8000,0.0000,,,,
2018,PA,Pennsylvania,train,R,18,1,0.4962,-0.0139,0.5101,0.4588,-0.0360,0.4948,5,13,0.2778,0.8333,0.0654,784604,682324,0.5349,0,1,0.9444,2712665,2206260,23338,4942263,0.5515,0.0076,0.5438,0.4485,0.0927,-0.0927,9,9,0.5000,1.0000,2792437,2134848,83683,0.5667
2018,RI,Rhode Island,train,R,2,1,0.5831,0.0730,0.5101,0.6510,0.1562,0.4948,2,0,1.0000,1.0000,0.0703,105870,25065,0.8086,0,0,1.0000,242575,129838,867,373280,0.6514,0.1075,0.5438,0.3486,0.0003,-0.0003,2,0,1.0000,1.0000,231477,144421,840,0.6158
2018,SC,South Carolina,train,R,7,0,0.4254,-0.0847,0.5101,0.3946,-0.1002,0.4948,1,6,0.1429,1.0000,0.0302,208770,246881,0.4582,0,0,1.0000,758340,927494,23458,1709292,0.4498,-0.0940,0.5438,0.5502,0.0552,-0.0552,2,5,0.2857,0.0000,,,,
2018,SD,South Dakota,train,R,1,0,0.3403,-0.1698,0.5101,0.3590,-0.1358,0.4948,0,1,0.0000,1.0000,0.0003,0,100711,0.0000,0,0,1.0000,121033,202695,12237,335965,0.3739,-0.1700,0.5438,0.6261,0.0149,-0.0149,0,1,0.0000,0.0000,,,,
2018,TN,Tennessee,train,R,9,1,0.3638,-0.1464,0.5101,0.3528,-0.1420,0.4948,2,7,0.2222,1.0000,0.0466,351365,717395,0.3288,0,0,1.0000,846450,1279655,33720,2159825,0.3981,-0.1457,0.5438,0.6019,0.0453,-0.0453,2,7,0.2222,1.0000,985450,1227483,30807,0.4453
2018,TX,Texas,train,R,36,1,0.4529,-0.0572,0.5101,0.3932,-0.1016,0.4948,11,25,0.3056,0.7222,0.0491,1213819,1553347,0.4387,0,4,0.8889,3852752,4135359,214597,8202708,0.4823,-0.0615,0.5438,0.5177,0.0891,-0.0891,13,23,0.3611,1.0000,4045632,4260553,65470,0.4871
2018,UT,Utah,train,R,4,1,0.3762,-0.1339,0.5101,0.3339,-0.1609,0.4948,0,4,0.0000,1.0000,0.0153,12712,90562,0.1231,0,0,1.0000,374009,617307,61190,1052506,0.3773,-0.1666,0.5438,0.6227,0.0434,-0.0434,1,3,0.2500,1.0000,328541,665215,69141,0.3306
2018,VA,Virginia,train,R,11,1,0.5283,0.0182,0.5101,0.5022,0.0074,0.4948,4,7,0.3636,0.9091,0.0508,185891,108240,0.6320,0,1,0.9091,1867061,1408701,37449,3313211,0.5700,0.0261,0.5438,0.4300,0.0677,-0.0677,7,4,0.6364,1.0000,1910370,1374313,67074,0.5816
2018,VT,Vermont,train,R,1,1,0.6519,0.1418,0.5101,1.0000,0.5052,0.4948,1,0,1.0000,0.0000,0.0626,66744,24579,0.7309,0,0,1.0000,188547,70705,13199,272451,0.7273,0.1834,0.5438,0.2727,-0.2727,0.2727,1,0,1.0000,0.0000,0,74815,197809,
2018,WA,Washington,train,R,10,1,0.5879,0.0778,0.5101,0.5527,0.0579,0.4948,6,4,0.6000,0.8000,0.0531,1022020,516456,0.6643,0,2,0.8000,1888593,1048712,84646,3021951,0.6430,0.0991,0.5438,0.3570,0.0902,-0.0902,7,3,0.7000,1.0000,1803364,1282804,0,0.5843
2018,WI,Wisconsin,train,R,8,1,0.4959,-0.0142,0.5101,0.5207,0.0259,0.4948,3,5,0.3750,0.7500,0.0680,494418,387409,0.5607,0,1,0.8750,1367492,1121043,83120,2571655,0.5495,0.0057,0.5438,0.4505,0.0288,-0.0288,3,5,0.3750,1.0000,1472914,1184885,2964,0.5542
2018,WV,West Virginia,train,R,3,1,0.2784,-0.2317,0.5101,0.3353,-0.1596,0.4948,0,3,0.0000,1.0000,0.0393,153313,114524,0.5724,0,0,1.0000,234568,337146,6277,577991,0.4103,-0.1336,0.5438,0.5897,0.0750,-0.0750,0,3,0.0000,1.0000,290510,271113,24411,0.5173
2018,WY,Wyoming,train,R,1,1,0.2429,-0.2672,0.5101,0.3258,-0.1690,0.4948,0,1,0.0000,1.0000,0.0159,16959,111013,0.1325,0,0,1.0000,59903,127963,13379,201245,0.3189,-0.2250,0.5438,0.6811,-0.0069,0.0069,0,1,0.0000,1.0000,61227,136210,5983,0.3101
2022,AK,Alaska,train,D,1,1,0.4474,-0.0744,0.5218,0.4542,-0.0613,0.5155,0,1,0.0000,1.0000,0.0177,70295,116667,0.3760,0,0,1.0000,128553,129379,5678,263610,0.4984,0.0117,0.4867,0.4984,0.0442,0.0442,1,0,1.0000,1.0000,27145,232532,2028,0.1045
2022,AL,Alabama,train,D,7,1,0.3709,-0.1509,0.5218,0.3007,-0.2148,0.5155,1,6,0.1429,0.5714,0.1169,48623,263721,0.1557,2,0,0.7143,318540,942393,82777,1343710,0.2526,-0.2341,0.4867,0.2526,-0.0481,-0.0481,1,6,0.1429,1.0000,436746,942154,35338,0.3167
2022,AR,Arkansas,train,D,4,1,0.3579,-0.1639,0.5218,0.2852,-0.2303,0.5155,0,4,0.0000,0.7500,0.0325,0,247714,0.0000,0,0,1.0000,271771,598000,25331,895102,0.3125,-0.1743,0.4867,0.3125,0.0273,0.0273,0,4,0.0000,1.0000,280187,592437,28682,0.3211
2022,AZ,Arizona,train,D,9,1,0.5016,-0.0202,0.5218,0.4986,-0.0169,0.5155,5,4,0.5556,1.0000,0.0352,461791,749070,0.3814,2,0,0.7778,1004462,1324961,30655,2360078,0.4312,-0.0555,0.4867,0.4312,-0.0674,-0.0674,3,6,0.3333,1.0000,1322027,1196308,53959,0.5250
2022,CA,California,train,D,52,1,0.6491,0.1273,0.5218,0.6627,0.1472,0.5155,42,11,0.7925,0.8679,0.0444,4328712,2469080,0.6368,0,8,0.8462,6822766,3780637,52965,10656368,0.6435,0.1567,0.4867,0.6435,-0.0193,-0.0193,40,12,0.7692,1.0000,13180929,8434479,0,0.6098
2022,CO,Colorado,train,D,8,1,0.5694,0.0476,0.5218,0.5492,0.0337,0.5155,4,3,0.5714,1.0000,0.0282,508675,608318,0.4554,0,0,1.0000,1365427,1050960,55757,2472144,0.5651,0.0783,0.4867,0.5651,0.0159,0.0159,5,3,0.6250,1.0000,1397170,1031693,71338,0.5752
2022,CT,Connecticut,train,D,5,1,0.6020,0.0802,0.5218,0.6032,0.0877,0.5155,5,0,1.0000,1.0000,0.0279,0,16517,0.0000,0,0,1.0000,712823,521387,27141,1261351,0.5776,0.0908,0.4867,0.5776,-0.0256,-0.0256,5,0,1.0000,1.0000,701175,535943,22769,0.5668
2022,DE,Delaware,train,D,1,0,0.5963,0.0745,0.5218,0.5889,0.0735,0.5155,1,0,1.0000,1.0000,0.0319,0,0,,0,0,1.0000,178416,138201,5050,321667,0.5635,0.0768,0.4867,0.5635,-0.0254,-0.0254,1,0,1.0000,0.0000,,,,
2022,FL,Florida,train,D,28,1,0.4831,-0.0387,0.5218,0.4747,-0.0408,0.5155,11,16,0.4074,0.9259,0.0545,746811,1471364,0.3367,3,0,0.8929,2905702,4271196,155406,7332304,0.4049,-0.0819,0.4867,0.4049,-0.0698,-0.0698,8,20,0.2857,1.0000,3201522,4474847,81645,0.4171
2022,GA,Georgia,train,D,14,1,0.5012,-0.0206,0.5218,0.4900,-0.0255,0.5155,6,8,0.4286,1.0000,0.0233,720561,1218043,0.3717,0,0,1.0000,1863870,2044102,14,3907986,0.4769,-0.0098,0.4867,0.4769,-0.0131,-0.0131,5,9,0.3571,1.0000,3766750,3629686,81365,0.5093
2022,HI,Hawaii,train,D,2,1,0.6503,0.1285,0.5218,0.6956,0.1802,0.5155,2,0,1.0000,1.0000,0.0834,229176,60302,0.7917,0,0,1.0000,271953,124091,5130,401174,0.6867,0.1999,0.4867,0.6867,-0.0090,-0.0090,2,0,1.0000,1.0000,290894,106358,11265,0.7323
2022,IA,Iowa,train,D,4,1,0.4582,-0.0636,0.5218,0.4700,-0.0454,0.5155,1,3,0.2500,1.0000,0.0304,147297,180236,0.4497,0,0,1.0000,526460,677857,7383,1211700,0.4371,-0.0496,0.4867,0.4371,-0.0329,-0.0329,0,4,0.0000,1.0000,533330,681501,1815,0.4390
2022,ID,Idaho,train,D,2,1,0.3412,-0.1806,0.5218,0.3128,-0.2027,0.5155,0,2,0.0000,1.0000,0.0208,32207,249627,0.1143,0,0,1.0000,180997,395351,7280,583628,0.3140,-0.1727,0.4867,0.3140,0.0012,0.0012,0,2,0.0000,1.0000,169808,358539,62543,0.3214
2022,IL,Illinois,train,D,17,1,0.5866,0.0648,0.5218,0.5813,0.0658,0.5155,13,5,0.7222,0.9444,0.0260,828400,724901,0.5333,0,1,0.9412,2271361,1768782,9262,4049405,0.5622,0.0755,0.4867,0.5622,-0.0191,-0.0191,14,3,0.8235,1.0000,2329136,1701055,68705,0.5779
2022,IN,Indiana,train,D,9,1,0.4180,-0.1038,0.5218,0.4073,-0.1082,0.5155,2,7,0.2222,1.0000,0.0121,185202,395816,0.3188,0,0,1.0000,716412,1108575,31862,1856849,0.3926,-0.0942,0.4867,0.3926,-0.0148,-0.0148,2,7,0.2222,1.0000,704480,1090390,65284,0.3925
2022,KS,Kansas,train,D,4,1,0.4251,-0.0967,0.5218,0.4180,-0.0975,0.5155,1,3,0.2500,1.0000,0.0109,243195,440861,0.3555,0,0,1.0000,425322,569567,6928,1001817,0.4275,-0.0592,0.4867,0.4275,0.0095,0.0095,1,3,0.2500,1.0000,372214,602976,29766,0.3817
2022,KY,Kentucky,train,D,6,1,0.3680,-0.1538,0.5218,0.3503,-0.1652,0.5155,1,5,0.1667,1.0000,0.0098,166708,314214,0.3466,0,0,1.0000,490921,953296,19201,1463418,0.3399,-0.1468,0.4867,0.3399,-0.0104,-0.0104,1,5,0.1667,1.0000,564311,913326,193,0.3819
2022,LA,Louisiana,train,D,6,1,0.4054,-0.1164,0.5218,0.3605,-0.1550,0.5155,1,5,0.1667,1.0000,0.1661,0,0,,2,0,0.6667,318932,773701,40491,1133124,0.2919,-0.1949,0.4867,0.2919,-0.0686,-0.0686,1,5,0.1667,1.0000,481065,876843,25382,0.3543
2022,MA,Massachusetts,train,D,9,0,0.6712,0.1494,0.5218,0.7803,0.2648,0.5155,9,0,1.0000,0.5556,0.0839,671696,197712,0.7726,0,1,0.8889,1636400,706790,14807,2357997,0.6984,0.2116,0.4867,0.6984,-0.0819,-0.0819,9,0,1.0000,0.0000,,,,
2022,MD,Maryland,train,D,8,1,0.6703,0.1485,0.5218,0.6504,0.1349,0.5155,7,1,0.8750,1.0000,0.0273,654245,257933,0.7172,0,0,1.0000,1291446,690463,13819,1995728,0.6516,0.1649,0.4867,0.6516,0.0012,0.0012,7,1,0.8750,1.0000,1316897,682293,3146,0.6587
2022,ME,Maine,train,D,2,0,0.5467,0.0249,0.5218,0.5795,0.0641,0.5155,2,0,1.0000,1.0000,0.0124,68691,59194,0.5371,0,0,1.0000,372827,270523,22208,665558,0.5795,0.0928,0.4867,0.5795,-0.0000,-0.0000,2,0,1.0000,0.0000,,,,
2022,MI,Michigan,train,D,13,0,0.5141,-0.0076,0.5218,0.5067,-0.0088,0.5155,7,7,0.5000,1.0000,0.0210,880360,1042643,0.4578,0,0,1.0000,2184504,2083361,107672,4375537,0.5118,0.0251,0.4867,0.5118,0.0052,0.0052,7,6,0.5385,0.0000,,,,
2022,MN,Minnesota,train,D,8,0,0.5364,0.0146,0.5218,0.5131,-0.0024,0.5155,4,4,0.5000,1.0000,0.0254,309004,211029,0.5942,0,0,1.0000,1250518,1200855,44459,2495832,0.5101,0.0234,0.4867,0.5101,-0.0030,-0.0030,4,4,0.5000,0.0000,,,,
2022,MO,Missouri,train,D,8,1,0.4216,-0.1001,0.5218,0.4047,-0.1108,0.5155,2,6,0.2500,1.0000,0.0174,353273,633003,0.3582,0,0,1.0000,794978,1223617,41494,2060089,0.3938,-0.0929,0.4867,0.3938,-0.0109,-0.0109,2,6,0.2500,1.0000,872694,1146966,49470,0.4321
2022,MS,Mississippi,train,D,4,0,0.4162,-0.1056,0.5218,0.3429,-0.1726,0.5155,1,3,0.2500,0.7500,0.0654,74023,285005,0.2062,0,0,1.0000,251202,454329,3569,709100,0.3560,-0.1307,0.4867,0.3560,0.0132,0.0132,1,3,0.2500,0.0000,,,,
2022,MT,Montana,train,D,2,0,0.4160,-0.1058,0.5218,0.4361,-0.0794,0.5155,0,1,0.0000,1.0000,0.0036,94865,182382,0.3422,0,0,1.0000,158745,245081,59806,463632,0.3931,-0.0936,0.4867,0.3931,-0.0430,-0.0430,0,2,0.0000,0.0000,,,,
2022,NC,North Carolina,train,D,14,1,0.4932,-0.0286,0.5218,0.5028,-0.0127,0.5155,5,8,0.3846,0.9231,0.0361,424321,673880,0.3864,0,0,1.0000,1795170,1956906,8677,3760753,0.4784,-0.0083,0.4867,0.4784,-0.0243,-0.0243,7,7,0.5000,1.0000,1784049,1905786,84089,0.4835
2022,ND,North Dakota,train,D,1,1,0.3279,-0.1938,0.5218,0.2856,-0.2299,0.5155,0,1,0.0000,1.0000,0.0172,21954,71133,0.2358,1,0,0.0000,0,148399,90187,238586,0.0000,-0.4867,0.4867,0.0000,-0.2856,-0.2856,0,1,0.0000,1.0000,59995,135474,44671,0.3069
2022,NE,Nebraska,train,D,3,0,0.4022,-0.1196,0.5218,0.3578,-0.1577,0.5155,0,3,0.0000,1.0000,0.0158,99936,270422,0.2698,0,0,1.0000,235572,414599,13016,663187,0.3623,-0.1244,0.4867,0.3623,0.0046,0.0046,0,3,0.0000,0.0000,,,,
2022,NH,New Hampshire,train,D,2,1,0.5375,0.0157,0.5218,0.5390,0.0235,0.5155,2,0,1.0000,1.0000,0.0237,91322,139269,0.3960,0,0,1.0000,339027,277808,711,617546,0.5496,0.0629,0.4867,0.5496,0.0107,0.0107,2,0,1.0000,1.0000,332490,275631,12854,0.5467
2022,NJ,New Jersey,train,D,12,0,0.5807,0.0589,0.5218,0.5794,0.0639,0.5155,10,2,0.8333,1.0000,0.0256,413294,320192,0.5635,0,0,1.0000,1416422,1160260,33034,2609716,0.5497,0.0630,0.4867,0.5497,-0.0297,-0.0297,9,3,0.7500,0.0000,,,,
2022,NM,New Mexico,train,D,3,0,0.5552,0.0334,0.5218,0.5487,0.0332,0.5155,2,1,0.6667,1.0000,0.0219,122707,101345,0.5477,0,0,1.0000,387665,316352,109,704126,0.5506,0.0639,0.4867,0.5506,0.0020,0.0020,3,0,1.0000,0.0000,,,,
2022,NV,Nevada,train,D,4,1,0.5122,-0.0096,0.5218,0.5122,-0.0033,0.5155,3,1,0.7500,1.0000,0.0354,128411,219381,0.3692,0,0,1.0000,480774,515535,13194,1009503,0.4826,-0.0042,0.4867,0.4826,-0.0296,-0.0296,3,1,0.7500,1.0000,498316,490388,32146,0.5040
2022,NY,New York,train,D,26,1,0.6173,0.0955,0.5218,0.6368,0.1213,0.5155,19,8,0.7037,0.9259,0.0452,592336,184521,0.7625,0,2,0.9231,3028115,2233120,501022,5762257,0.5756,0.0888,0.4867,0.5756,-0.0613,-0.0613,15,11,0.5769,1.0000,3022822,2204499,625386,0.5783
2022,OH,Ohio,train,D,15,1,0.4592,-0.0626,0.5218,0.4301,-0.0854,0.5155,4,12,0.2500,1.0000,0.0280,425929,892436,0.3231,0,0,1.0000,1790614,2318993,104,4109711,0.4357,-0.0510,0.4867,0.4357,0.0056,0.0056,5,10,0.3333,1.0000,1939489,2192114,1739,0.4694
2022,OK,Oklahoma,train,D,5,1,0.3306,-0.1912,0.5218,0.3130,-0.2025,0.5155,0,5,0.0000,1.0000,0.0060,0,352247,0.0000,0,0,1.0000,356988,760639,28684,1146311,0.3194,-0.1673,0.4867,0.3194,0.0064,0.0064,0,5,0.0000,1.0000,774759,1450603,75851,0.3481
2022,OR,Oregon,train,D,6,1,0.5831,0.0613,0.5218,0.5707,0.0552,0.5155,4,1,0.8000,1.0000,0.0279,479306,330978,0.5915,0,0,1.0000,1012725,851991,42224,1906940,0.5431,0.0564,0.4867,0.5431,-0.0276,-0.0276,4,2,0.6667,1.0000,1076424,788991,62534,0.5770
2022,PA,Pennsylvania,train,D,17,1,0.5059,-0.0159,0.5218,0.4937,-0.0218,0.5155,9,9,0.5000,1.0000,0.0215,1095183,1222691,0.4725,2,1,0.8235,2436919,2702262,41704,5180885,0.4742,-0.0126,0.4867,0.4742,-0.0195,-0.0195,9,8,0.5294,1.0000,2751012,2487260,137613,0.5252
2022,RI,Rhode Island,train,D,2,0,0.6060,0.0842,0.5218,0.7399,0.2244,0.5155,2,0,1.0000,0.5000,0.0567,102712,19088,0.8433,0,0,1.0000,201750,150024,6049,357823,0.5735,0.0868,0.4867,0.5735,-0.1664,-0.1664,2,0,1.0000,0.0000,,,,
2022,SC,South Carolina,train,D,7,1,0.4407,-0.0811,0.5218,0.4325,-0.0830,0.5155,1,6,0.1429,1.0000,0.0031,74966,227571,0.2478,2,0,0.7143,517129,1056078,29134,1602341,0.3287,-0.1580,0.4867,0.3287,-0.1038,-0.1038,1,6,0.1429,1.0000,627616,1066274,1812,0.3705
2022,SD,South Dakota,train,D,1,1,0.3657,-0.1561,0.5218,0.0000,-0.5155,0.5155,0,1,0.0000,0.0000,0.0589,0,119373,0.0000,1,0,0.0000,0,253821,74020,327841,0.0000,-0.4867,0.4867,0.0000,0.0000,0.0000,0,1,0.0000,1.0000,91007,242316,14697,0.2730
2022,TN,Tennessee,train,D,9,0,0.3817,-0.1401,0.5218,0.3961,-0.1194,0.5155,2,7,0.2222,0.8889,0.0695,244746,496589,0.3301,0,0,1.0000,581902,1099462,29061,1710425,0.3461,-0.1407,0.4867,0.3461,-0.0500,-0.0500,1,8,0.1111,0.0000,,,,
2022,TX,Texas,train,D,38,0,0.4717,-0.0501,0.5218,0.4524,-0.0631,0.5155,13,23,0.3611,1.0000,0.0196,1061257,1866995,0.3624,6,0,0.8421,2999053,4559280,193428,7751761,0.3968,-0.0900,0.4867,0.3968,-0.0556,-0.0556,13,25,0.3421,0.0000,,,,
2022,UT,Utah,train,D,4,1,0.3931,-0.1287,0.5218,0.3668,-0.1487,0.5155,0,4,0.0000,1.0000,0.0377,0,409158,0.0000,0,0,1.0000,342078,670924,50256,1063258,0.3377,-0.1491,0.4867,0.3377,-0.0291,-0.0291,0,4,0.0000,0.0000,0,571974,504094,
2022,VA,Virginia,train,D,11,0,0.5515,0.0298,0.5218,0.5240,0.0085,0.5155,7,4,0.6364,0.9091,0.0280,50645,113840,0.3079,0,0,1.0000,1572296,1462049,13294,3047639,0.5182,0.0314,0.4867,0.5182,-0.0058,-0.0058,6,5,0.5455,0.0000,,,,
2022,VT,Vermont,train,D,1,1,0.6830,0.1612,0.5218,0.7137,0.1982,0.5155,1,0,1.0000,1.0000,0.0343,100914,26778,0.7903,0,0,1.0000,176494,78397,27135,282026,0.6924,0.2057,0.4867,0.6924,-0.0212,-0.0212,1,0,1.0000,1.0000,196575,80468,10057,0.7095
2022,WA,Washington,train,D,10,1,0.5993,0.0775,0.5218,0.6023,0.0868,0.5155,7,3,0.7000,0.9000,0.0351,1039993,819908,0.5592,0,0,1.0000,1751591,1261966,12630,3026187,0.5812,0.0945,0.4867,0.5812,-0.0210,-0.0210,8,2,0.8000,1.0000,1741827,1299322,6751,0.5728
2022,WI,Wisconsin,train,D,8,1,0.5032,-0.0186,0.5218,0.4853,-0.0302,0.5155,3,5,0.3750,1.0000,0.0182,384618,613176,0.3855,2,0,0.7500,1012955,1403080,115289,2531324,0.4193,-0.0675,0.4867,0.4193,-0.0661,-0.0661,2,6,0.2500,1.0000,1310467,1337185,4825,0.4950
2022,WV,West Virginia,train,D,2,0,0.3020,-0.2198,0.5218,0.3244,-0.1911,0.5155,0,3,0.0000,1.0000,0.0422,71478,146385,0.3281,0,0,1.0000,149706,312004,10372,472082,0.3242,-0.1625,0.4867,0.3242,-0.0001,-0.0001,0,2,0.0000,0.0000,,,,
2022,WY,Wyoming,train,D,1,0,0.2752,-0.2466,0.5218,0.2639,-0.2516,0.5155,0,1,0.0000,1.0000,0.0212,7546,170665,0.0423,0,0,1.0000,47250,132206,14446,193902,0.2633,-0.2235,0.4867,0.2633,-0.0006,-0.0006,0,1,0.0000,0.0000,,,,
2026,AK,Alaska,predict,R,1,1,0.4315,-0.0601,0.4916,0.4948,0.0079,0.4868,0,1,0.0000,1.0000,0.0255,,,,,,,,,,,,,,,,,,,,,,,,
2026,AL,Alabama,predict,R,7,1,0.3456,-0.1460,0.4916,0.2557,-0.2312,0.4868,2,5,0.2857,0.5714,0.0955,,,,,,,,,,,,,,,,,,,,,,,,
2026,AR,Arkansas,predict,R,4,1,0.3433,-0.1483,0.4916,0.3194,-0.1674,0.4868,0,4,0.0000,1.0000,0.0320,,,,,,,,,,,,,,,,,,,,,,,,
2026,AZ,Arizona,predict,R,9,0,0.4721,-0.0195,0.4916,0.4799,-0.0069,0.4868,3,6,0.3333,1.0000,0.0402,,,,,,,,,,,,,,,,,,,,,,,,
2026,CA,California,predict,R,52,0,0.6040,0.1124,0.4916,0.6065,0.1197,0.4868,43,9,0.8269,0.9038,0.0475,,,,,,,,,,,,,,,,,,,,,,,,
2026,CO,Colorado,predict,R,8,1,0.5565,0.0649,0.4916,0.5607,0.0739,0.4868,4,4,0.5000,1.0000,0.0374,,,,,,,,,,,,,,,,,,,,,,,,
2026,CT,Connecticut,predict,R,5,0,0.5738,0.0822,0.4916,0.5897,0.1029,0.4868,5,0,1.0000,1.0000,0.0325,,,,,,,,,,,,,,,,,,,,,,,,
2026,DE,Delaware,predict,R,1,1,0.5748,0.0832,0.4916,0.5786,0.0918,0.4868,1,0,1.0000,1.0000,0.0302,,,,,,,,,,,,,,,,,,,,,,,,
2026,FL,Florida,predict,R,28,1,0.4339,-0.0577,0.4916,0.4207,-0.0661,0.4868,8,20,0.2857,0.9643,0.0519,,,,,,,,,,,,,,,,,,,,,,,,
2026,GA,Georgia,predict,R,14,1,0.4890,-0.0026,0.4916,0.4740,-0.0128,0.4868,5,9,0.3571,1.0000,0.0217,,,,,,,,,,,,,,,,,,,,,,,,
2026,HI,Hawaii,predict,R,2,0,0.6178,0.1262,0.4916,0.7027,0.2158,0.4868,2,0,1.0000,1.0000,0.0734,,,,,,,,,,,,,,,,,,,,,,,,
2026,IA,Iowa,predict,R,4,1,0.4328,-0.0588,0.4916,0.4349,-0.0520,0.4868,0,4,0.0000,1.0000,0.0324,,,,,,,,,,,,,,,,,,,,,,,,
2026,ID,Idaho,predict,R,2,1,0.3124,-0.1792,0.4916,0.2965,-0.1904,0.4868,0,2,0.0000,1.0000,0.0346,,,,,,,,,,,,,,,,,,,,,,,,
2026,IL,Illinois,predict,R,17,1,0.5557,0.0641,0.4916,0.5292,0.0423,0.4868,14,3,0.8235,0.8824,0.0485,,,,,,,,,,,,,,,,,,,,,,,,
2026,IN,Indiana,predict,R,9,0,0.4035,-0.0881,0.4916,0.3981,-0.0888,0.4868,2,7,0.2222,1.0000,0.0233,,,,,,,,,,,,,,,,,,,,,,,,
2026,KS,Kansas,predict,R,4,1,0.4179,-0.0736,0.4916,0.4125,-0.0743,0.4868,1,3,0.2500,1.0000,0.0165,,,,,,,,,,,,,,,,,,,,,,,,
2026,KY,Kentucky,predict,R,6,1,0.3449,-0.1467,0.4916,0.2689,-0.2180,0.4868,1,5,0.1667,0.6667,0.0815,,,,,,,,,,,,,,,,,,,,,,,,
2026,LA,Louisiana,predict,R,6,1,0.3882,-0.1034,0.4916,0.3427,-0.1441,0.4868,2,4,0.3333,0.8333,0.0505,,,,,,,,,,,,,,,,,,,,,,,,
2026,MA,Massachusetts,predict,R,9,1,0.6296,0.1380,0.4916,0.8868,0.4000,0.4868,9,0,1.0000,0.2222,0.1432,,,,,,,,,,,,,,,,,,,,,,,,
2026,MD,Maryland,predict,R,8,0,0.6475,0.1560,0.4916,0.6468,0.1600,0.4868,7,1,0.8750,1.0000,0.0339,,,,,,,,,,,,,,,,,,,,,,,,
2026,ME,Maine,predict,R,2,1,0.5354,0.0439,0.4916,0.5613,0.0745,0.4868,2,0,1.0000,1.0000,0.0171,,,,,,,,,,,,,,,,,,,,,,,,
2026,MI,Michigan,predict,R,13,1,0.4928,0.0012,0.4916,0.4936,0.0068,0.4868,6,7,0.4615,1.0000,0.0260,,,,,,,,,,,,,,,,,,,,,,,,
2026,MN,Minnesota,predict,R,8,1,0.5217,0.0301,0.4916,0.5047,0.0178,0.4868,4,4,0.5000,1.0000,0.0329,,,,,,,,,,,,,,,,,,,,,,,,
2026,MO,Missouri,predict,R,8,0,0.4066,-0.0850,0.4916,0.3968,-0.0900,0.4868,2,6,0.2500,1.0000,0.0235,,,,,,,,,,,,,,,,,,,,,,,,
2026,MS,Mississippi,predict,R,4,1,0.3843,-0.1073,0.4916,0.3012,-0.1856,0.4868,1,3,0.2500,0.7500,0.0528,,,,,,,,,,,,,,,,,,,,,,,,
2026,MT,Montana,predict,R,2,1,0.3971,-0.0945,0.4916,0.4040,-0.0828,0.4868,0,2,0.0000,1.0000,0.0086,,,,,,,,,,,,,,,,,,,,,,,,
2026,NC,North Carolina,predict,R,14,1,0.4837,-0.0079,0.4916,0.4484,-0.0384,0.4868,4,10,0.2857,0.8571,0.0379,,,,,,,,,,,,,,,,,,,,,,,,
2026,ND,North Dakota,predict,R,1,0,0.3130,-0.1786,0.4916,0.3048,-0.1820,0.4868,0,1,0.0000,1.0000,0.0227,,,,,,,,,,,,,,,,,,,,,,,,
2026,NE,Nebraska,predict,R,3,1,0.3958,-0.0958,0.4916,0.3638,-0.1230,0.4868,0,3,0.0000,1.0000,0.0239,,,,,,,,,,,,,,,,,,,,,,,,
2026,NH,New Hampshire,predict,R,2,1,0.5141,0.0225,0.4916,0.5351,0.0483,0.4868,2,0,1.0000,1.0000,0.0261,,,,,,,,,,,,,,,,,,,,,,,,
2026,NJ,New Jersey,predict,R,12,1,0.5301,0.0386,0.4916,0.5364,0.0496,0.4868,9,3,0.7500,1.0000,0.0551,,,,,,,,,,,,,,,,,,,,,,,,
2026,NM,New Mexico,predict,R,3,1,0.5307,0.0391,0.4916,0.5507,0.0639,0.4868,3,0,1.0000,1.0000,0.0291,,,,,,,,,,,,,,,,,,,,,,,,
2026,NV,Nevada,predict,R,4,0,0.4842,-0.0074,0.4916,0.4354,-0.0515,0.4868,3,1,0.7500,0.7500,0.0389,,,,,,,,,,,,,,,,,,,,,,,,
2026,NY,New York,predict,R,26,0,0.5634,0.0719,0.4916,0.5875,0.1007,0.4868,19,7,0.7308,1.0000,0.0399,,,,,,,,,,,,,,,,,,,,,,,,
2026,OH,Ohio,predict,R,15,1,0.4434,-0.0482,0.4916,0.4342,-0.0526,0.4868,5,10,0.3333,1.0000,0.0342,,,,,,,,,,,,,,,,,,,,,,,,
2026,OK,Oklahoma,predict,R,5,1,0.3253,-0.1663,0.4916,0.3228,-0.1640,0.4868,0,5,0.0000,0.8000,0.1814,,,,,,,,,,,,,,,,,,,,,,,,
2026,OR,Oregon,predict,R,6,1,0.5743,0.0827,0.4916,0.5579,0.0711,0.4868,5,1,0.8333,1.0000,0.0390,,,,,,,,,,,,,,,,,,,,,,,,
2026,PA,Pennsylvania,predict,R,17,0,0.4914,-0.0002,0.4916,0.4895,0.0027,0.4868,7,10,0.4118,0.9412,0.0339,,,,,,,,,,,,,,,,,,,,,,,,
2026,RI,Rhode Island,predict,R,2,1,0.5708,0.0792,0.4916,0.6191,0.1323,0.4868,2,0,1.0000,1.0000,0.0561,,,,,,,,,,,,,,,,,,,,,,,,
2026,SC,South Carolina,predict,R,7,1,0.4094,-0.0822,0.4916,0.3953,-0.0915,0.4868,1,6,0.1429,1.0000,0.0287,,,,,,,,,,,,,,,,,,,,,,,,
2026,SD,South Dakota,predict,R,1,1,0.3505,-0.1410,0.4916,0.2796,-0.2073,0.4868,0,1,0.0000,1.0000,0.0174,,,,,,,,,,,,,,,,,,,,,,,,
2026,TN,Tennessee,predict,R,9,1,0.3494,-0.1422,0.4916,0.3416,-0.1452,0.4868,1,8,0.1111,1.0000,0.0447,,,,,,,,,,,,,,,,,,,,,,,,
2026,TX,Texas,predict,R,38,1,0.4306,-0.0610,0.4916,0.4088,-0.0780,0.4868,13,25,0.3421,0.7895,0.0628,,,,,,,,,,,,,,,,,,,,,,,,
2026,UT,Utah,predict,R,4,0,0.3889,-0.1026,0.4916,0.3412,-0.1456,0.4868,0,4,0.0000,1.0000,0.0267,,,,,,,,,,,,,,,,,,,,,,,,
2026,VA,Virginia,predict,R,11,1,0.5295,0.0379,0.4916,0.5190,0.0322,0.4868,6,5,0.5455,1.0000,0.0172,,,,,,,,,,,,,,,,,,,,,,,,
2026,VT,Vermont,predict,R,1,0,0.6639,0.1723,0.4916,1.0000,0.5132,0.4868,1,0,1.0000,0.0000,0.0509,,,,,,,,,,,,,,,,,,,,,,,,
2026,WA,Washington,predict,R,10,0,0.5946,0.1031,0.4916,0.5751,0.0883,0.4868,8,2,0.8000,0.8000,0.0398,,,,,,,,,,,,,,,,,,,,,,,,
2026,WI,Wisconsin,predict,R,8,0,0.4956,0.0040,0.4916,0.4851,-0.0017,0.4868,2,6,0.2500,1.0000,0.0284,,,,,,,,,,,,,,,,,,,,,,,,
2026,WV,West Virginia,predict,R,2,1,0.2866,-0.2050,0.4916,0.2879,-0.1989,0.4868,0,2,0.0000,1.0000,0.0515,,,,,,,,,,,,,,,,,,,,,,,,
2026,WY,Wyoming,predict,R,1,1,0.2652,-0.2264,0.4916,0.2476,-0.2392,0.4868,0,1,0.0000,1.0000,0.0279,,,,,,,,,,,,,,,,,,,,,,,,
