,house_dem_share_2p,pres_dem_share_2p_prev,house_dem_share_2p_lag,pres_dem_share_2p,senate_dem_share_2p,house_primary_dem_share_2p,house_seat_share_d,house_contested_share,house_dropoff,is_midterm
house_dem_share_2p,1.0,0.8838,0.8667,0.9063,0.7984,0.7318,0.8406,0.1105,0.1089,0.0393
pres_dem_share_2p_prev,0.8838,1.0,0.8803,0.9749,0.8185,0.6335,0.8828,0.0797,0.119,-0.0
house_dem_share_2p_lag,0.8667,0.8803,1.0,0.9068,0.7783,0.6703,0.8208,0.0943,0.091,-0.0367
pres_dem_share_2p,0.9063,0.9749,0.9068,1.0,0.8899,0.6473,0.8921,0.0217,0.0769,
senate_dem_share_2p,0.7984,0.8185,0.7783,0.8899,1.0,0.7093,0.7292,0.1191,0.11,0.1109
house_primary_dem_share_2p,0.7318,0.6335,0.6703,0.6473,0.7093,1.0,0.6281,0.0254,0.0619,-0.0857
house_seat_share_d,0.8406,0.8828,0.8208,0.8921,0.7292,0.6281,1.0,0.1192,0.1237,0.0541
house_contested_share,0.1105,0.0797,0.0943,0.0217,0.1191,0.0254,0.1192,1.0,-0.3714,0.0553
house_dropoff,0.1089,0.119,0.091,0.0769,0.11,0.0619,0.1237,-0.3714,1.0,
is_midterm,0.0393,-0.0,-0.0367,,0.1109,-0.0857,0.0541,0.0553,,1.0
