year,state,tipo_ciclo,is_midterm,pres_party,house_seats,house_dem_share_2p,categoria_camara,house_dem_share_2p_rel,house_seats_d,house_seats_r,house_seat_share_d,house_contested_share,todos_disputados,house_primary_dem_share_2p,senate_race,senate_dem_share_2p,pres_dem_share_2p,pres_dem_share_2p_rel,house_dropoff,nat_house_dem_share_2p,nat_pres_dem_share_2p,house_dem_share_2p_lag,house_dem_swing,swing_partido_presidente,pres_dem_share_2p_prev,pres_dem_share_2p_rel_prev
2016,AK,presidencial,0,D,1,0.4172,Sólido R,-0.0764,0.0000,1.0000,0.0000,1.0000,1,0.3148,1,0.2076,0.4161,-0.0940,0.0327,0.4936,0.5101,,,,,
2016,AL,presidencial,0,D,7,0.3373,Sólido R,-0.1563,1.0000,6.0000,0.1429,0.5714,0,0.0000,1,0.3593,0.3563,-0.1538,0.1101,0.4936,0.5101,,,,,
2016,AR,presidencial,0,D,4,0.1277,Sólido R,-0.3658,0.0000,4.0000,0.0000,0.2500,0,,1,0.3770,0.3571,-0.1530,0.0549,0.4936,0.5101,,,,,
2016,AZ,presidencial,0,D,9,0.4500,Inclinado R,-0.0435,4.0000,5.0000,0.4444,0.7778,0,0.3216,1,0.4314,0.4811,-0.0290,0.0626,0.4936,0.5101,,,,,
2016,CA,presidencial,0,D,53,0.6481,Sólido D,0.1546,39.0000,14.0000,0.7358,0.8113,0,0.6524,1,,0.6613,0.1512,0.0541,0.4936,0.5101,,,,,
2016,CO,presidencial,0,D,7,0.4951,Competitivo,0.0016,3.0000,4.0000,0.4286,1.0000,1,0.4513,1,0.5300,0.5268,0.0167,0.0283,0.4936,0.5101,,,,,
2016,CT,presidencial,0,D,5,0.6216,Sólido D,0.1280,5.0000,0.0000,1.0000,1.0000,1,,1,0.6249,0.5714,0.0613,0.0424,0.4936,0.5101,,,,,
2016,DE,presidencial,0,D,1,0.5755,Sólido D,0.0819,1.0000,0.0000,1.0000,1.0000,1,1.0000,0,,0.5600,0.0499,0.0522,0.4936,0.5101,,,,,
2016,FL,presidencial,0,D,27,0.4571,Inclinado R,-0.0365,11.0000,16.0000,0.4074,0.9259,0,0.3831,1,0.4602,0.4938,-0.0163,0.0618,0.4936,0.5101,,,,,
2016,GA,presidencial,0,D,14,0.3974,Sólido R,-0.0962,4.0000,10.0000,0.2857,0.6429,0,0.3170,1,0.4282,0.4734,-0.0367,0.0831,0.4936,0.5101,,,,,
2016,HI,presidencial,0,D,2,0.7869,Sólido D,0.2934,2.0000,0.0000,1.0000,1.0000,1,0.8738,1,0.7679,0.6744,0.1643,0.0375,0.4936,0.5101,,,,,
2016,IA,presidencial,0,D,4,0.4532,Inclinado R,-0.0404,1.0000,3.0000,0.2500,1.0000,1,0.4984,1,0.3724,0.4494,-0.0607,0.0322,0.4936,0.5101,,,,,
2016,ID,presidencial,0,D,2,0.3183,Sólido R,-0.1752,0.0000,2.0000,0.0000,1.0000,1,0.1696,1,0.2954,0.3169,-0.1932,0.0125,0.4936,0.5101,,,,,
2016,IL,presidencial,0,D,18,0.5397,Inclinado D,0.0461,11.0000,7.0000,0.6111,0.7778,0,0.5440,1,0.5797,0.5902,0.0801,0.0532,0.4936,0.5101,,,,,
2016,IN,presidencial,0,D,9,0.4219,Sólido R,-0.0717,2.0000,7.0000,0.2222,0.8889,0,0.3750,1,0.4487,0.3988,-0.1113,0.0280,0.4936,0.5101,,,,,
2016,KS,presidencial,0,D,4,0.3139,Sólido R,-0.1797,0.0000,4.0000,0.0000,0.7500,0,0.2159,1,0.3415,0.3889,-0.1212,0.0090,0.4936,0.5101,,,,,
2016,KY,presidencial,0,D,6,0.2929,Sólido R,-0.2007,1.0000,5.0000,0.1667,0.6667,0,0.3695,1,0.4273,0.3433,-0.1668,0.0825,0.4936,0.5101,,,,,
2016,LA,presidencial,0,D,6,0.3000,Sólido R,-0.1935,1.0000,5.0000,0.1667,0.6667,0,,1,0.3772,0.3983,-0.1118,-0.0235,0.4936,0.5101,,,,,
2016,MA,presidencial,0,D,9,0.8386,Sólido D,0.3451,9.0000,0.0000,1.0000,0.4444,0,0.8774,0,,0.6465,0.1364,0.1156,0.4936,0.5101,,,,,
2016,MD,presidencial,0,D,8,0.6297,Sólido D,0.1362,7.0000,1.0000,0.8750,1.0000,1,0.6889,1,0.6306,0.6402,0.1301,0.0265,0.4936,0.5101,,,,,
2016,ME,presidencial,0,D,2,0.5196,Competitivo,0.0260,1.0000,1.0000,0.5000,1.0000,1,0.5415,0,,0.5160,0.0059,0.0045,0.4936,0.5101,,,,,
2016,MI,presidencial,0,D,14,0.4944,Competitivo,0.0009,5.0000,9.0000,0.3571,0.9286,0,0.4375,0,,0.4988,-0.0113,0.0267,0.4936,0.5101,,,,,
2016,MN,presidencial,0,D,8,0.5180,Competitivo,0.0245,5.0000,3.0000,0.6250,1.0000,1,0.6156,0,,0.5083,-0.0018,0.0287,0.4936,0.5101,,,,,
2016,MO,presidencial,0,D,8,0.3942,Sólido R,-0.0994,2.0000,6.0000,0.2500,1.0000,1,0.3192,1,0.4854,0.4018,-0.1083,0.0208,0.4936,0.5101,,,,,
2016,MS,presidencial,0,D,4,0.3979,Sólido R,-0.0957,1.0000,3.0000,0.2500,1.0000,1,0.1144,0,,0.4091,-0.1010,0.0224,0.4936,0.5101,,,,,
2016,MT,presidencial,0,D,1,0.4192,Sólido R,-0.0744,0.0000,1.0000,0.0000,1.0000,1,0.4382,0,,0.3889,-0.1212,-0.0215,0.4936,0.5101,,,,,
2016,NC,presidencial,0,D,13,0.4668,Inclinado R,-0.0267,3.0000,10.0000,0.2308,1.0000,1,0.3251,1,0.4705,0.4810,-0.0291,0.0302,0.4936,0.5101,,,,,
2016,ND,presidencial,0,D,1,0.2557,Sólido R,-0.2379,0.0000,1.0000,0.0000,0.0000,0,0.1497,1,0.1778,0.3019,-0.2082,0.0171,0.4936,0.5101,,,,,
2016,NE,presidencial,0,D,3,0.2839,Sólido R,-0.2096,0.0000,3.0000,0.0000,0.6667,0,0.2059,0,,0.3645,-0.1456,0.0663,0.4936,0.5101,,,,,
2016,NH,presidencial,0,D,2,0.5156,Competitivo,0.0221,2.0000,0.0000,1.0000,1.0000,1,0.4106,1,0.5007,0.5020,-0.0081,0.0370,0.4936,0.5101,,,,,
2016,NJ,presidencial,0,D,12,0.5416,Inclinado D,0.0481,7.0000,5.0000,0.5833,1.0000,1,0.6313,0,,0.5728,0.0627,0.1060,0.4936,0.5101,,,,,
2016,NM,presidencial,0,D,3,0.5601,Sólido D,0.0666,2.0000,1.0000,0.6667,1.0000,1,0.6657,0,,0.5465,0.0364,0.0228,0.4936,0.5101,,,,,
2016,NV,presidencial,0,D,4,0.5050,Competitivo,0.0114,3.0000,1.0000,0.7500,1.0000,1,0.6085,1,0.5132,0.5129,0.0028,0.0417,0.4936,0.5101,,,,,
2016,NY,presidencial,0,D,27,0.6625,Sólido D,0.1689,18.0000,9.0000,0.6667,0.8519,0,0.8091,1,0.7351,0.6177,0.1076,0.0784,0.4936,0.5101,,,,,
2016,OH,presidencial,0,D,16,0.4183,Sólido R,-0.0752,4.0000,12.0000,0.2500,1.0000,1,0.3742,1,0.3904,0.4573,-0.0528,0.0506,0.4936,0.5101,,,,,
2016,OK,presidencial,0,D,5,0.2808,Sólido R,-0.2127,0.0000,5.0000,0.0000,0.6000,0,0.3544,1,0.2662,0.3070,-0.2032,0.2201,0.4936,0.5101,,,,,
2016,OR,presidencial,0,D,5,0.5593,Sólido D,0.0658,4.0000,1.0000,0.8000,0.8000,0,0.6408,1,0.6293,0.5616,0.0515,0.0447,0.4936,0.5101,,,,,
2016,PA,presidencial,0,D,18,0.4588,Inclinado R,-0.0348,5.0000,13.0000,0.2778,0.6111,0,0.4646,1,0.4925,0.4962,-0.0139,0.0654,0.4936,0.5101,,,,,
2016,RI,presidencial,0,D,2,0.6510,Sólido D,0.1575,2.0000,0.0000,1.0000,1.0000,1,0.9796,0,,0.5831,0.0730,0.0703,0.4936,0.5101,,,,,
2016,SC,presidencial,0,D,7,0.3946,Sólido R,-0.0989,1.0000,6.0000,0.1429,1.0000,1,0.2233,1,0.3620,0.4254,-0.0847,0.0302,0.4936,0.5101,,,,,
2016,SD,presidencial,0,D,1,0.3590,Sólido R,-0.1346,0.0000,1.0000,0.0000,1.0000,1,,1,0.2817,0.3403,-0.1698,0.0003,0.4936,0.5101,,,,,
2016,TN,presidencial,0,D,9,0.3528,Sólido R,-0.1408,2.0000,7.0000,0.2222,1.0000,1,0.3094,0,,0.3638,-0.1464,0.0466,0.4936,0.5101,,,,,
2016,TX,presidencial,0,D,36,0.3932,Sólido R,-0.1004,11.0000,25.0000,0.3056,0.7222,0,0.3068,0,,0.4529,-0.0572,0.0491,0.4936,0.5101,,,,,
2016,UT,presidencial,0,D,4,0.3339,Sólido R,-0.1596,0.0000,4.0000,0.0000,1.0000,1,,1,0.2842,0.3762,-0.1339,0.0153,0.4936,0.5101,,,,,
2016,VA,presidencial,0,D,11,0.5022,Competitivo,0.0087,4.0000,7.0000,0.3636,0.9091,0,0.1775,0,,0.5283,0.0182,0.0508,0.4936,0.5101,,,,,
2016,VT,presidencial,0,D,1,1.0000,Sólido D,0.5064,1.0000,0.0000,1.0000,0.0000,0,0.9518,1,0.6497,0.6519,0.1418,0.0626,0.4936,0.5101,,,,,
2016,WA,presidencial,0,D,10,0.5527,Sólido D,0.0592,6.0000,4.0000,0.6000,0.8000,0,0.5822,1,0.5901,0.5879,0.0778,0.0531,0.4936,0.5101,,,,,
2016,WI,presidencial,0,D,8,0.5207,Inclinado D,0.0271,3.0000,5.0000,0.3750,0.7500,0,0.5656,1,0.4827,0.4959,-0.0142,0.0680,0.4936,0.5101,,,,,
2016,WV,presidencial,0,D,3,0.3353,Sólido R,-0.1583,0.0000,3.0000,0.0000,1.0000,1,0.5322,0,,0.2784,-0.2317,0.0393,0.4936,0.5101,,,,,
2016,WY,presidencial,0,D,1,0.3258,Sólido R,-0.1678,0.0000,1.0000,0.0000,1.0000,1,0.1131,0,,0.2429,-0.2672,0.0159,0.4936,0.5101,,,,,
2018,AK,medio término,1,R,1,0.4669,Inclinado R,-0.0776,0.0000,1.0000,0.0000,0.0000,0,0.3665,0,,,,,0.5446,,0.4172,0.0497,-0.0497,0.4161,-0.0940
2018,AL,medio término,1,R,7,0.4102,Sólido R,-0.1343,1.0000,6.0000,0.1429,0.8571,0,0.2391,0,,,,,0.5446,,0.3373,0.0730,-0.0730,0.3563,-0.1538
2018,AR,medio término,1,R,4,0.3600,Sólido R,-0.1845,0.0000,4.0000,0.0000,1.0000,1,0.2736,0,,,,,0.5446,,0.1277,0.2323,-0.2323,0.3571,-0.1530
2018,AZ,medio término,1,R,9,0.5086,Competitivo,-0.0360,5.0000,4.0000,0.5556,0.8889,0,0.4552,1,0.5120,,,,0.5446,,0.4500,0.0586,-0.0586,0.4811,-0.0290
2018,CA,medio término,1,R,53,0.6684,Sólido D,0.1239,46.0000,7.0000,0.8679,0.7925,0,0.6493,1,,,,,0.5446,,0.6481,0.0203,-0.0203,0.6613,0.1512
2018,CO,medio término,1,R,7,0.5544,Sólido D,0.0098,4.0000,3.0000,0.5714,1.0000,1,0.5711,0,,,,,0.5446,,0.4951,0.0592,-0.0592,0.5268,0.0167
2018,CT,medio término,1,R,5,0.6121,Sólido D,0.0675,5.0000,0.0000,1.0000,1.0000,1,0.5527,1,0.5907,,,,0.5446,,0.6216,-0.0095,0.0095,0.5714,0.0613
2018,DE,medio término,1,R,1,0.6445,Sólido D,0.1000,1.0000,0.0000,1.0000,1.0000,1,0.0000,1,0.6132,,,,0.5446,,0.5755,0.0691,-0.0691,0.5600,0.0499
2018,FL,medio término,1,R,27,0.4736,Inclinado R,-0.0709,13.0000,14.0000,0.4815,0.6667,0,0.6068,1,0.4994,,,,0.5446,,0.4571,0.0166,-0.0166,0.4938,-0.0163
2018,GA,medio término,1,R,14,0.4773,Inclinado R,-0.0673,5.0000,9.0000,0.3571,0.8571,0,0.5023,0,,,,,0.5446,,0.3974,0.0799,-0.0799,0.4734,-0.0367
2018,HI,medio término,1,R,2,0.7672,Sólido D,0.2227,2.0000,0.0000,1.0000,1.0000,1,0.9019,1,0.7115,,,,0.5446,,0.7869,-0.0197,0.0197,0.6744,0.1643
2018,IA,medio término,1,R,4,0.5205,Inclinado D,-0.0241,3.0000,1.0000,0.7500,1.0000,1,0.6454,0,,,,,0.5446,,0.4532,0.0673,-0.0673,0.4494,-0.0607
2018,ID,medio término,1,R,2,0.3603,Sólido R,-0.1842,0.0000,2.0000,0.0000,1.0000,1,0.2431,0,,,,,0.5446,,0.3183,0.0420,-0.0420,0.3169,-0.1932
2018,IL,medio término,1,R,18,0.6112,Sólido D,0.0666,13.0000,5.0000,0.7222,1.0000,1,0.6560,0,,,,,0.5446,,0.5397,0.0715,-0.0715,0.5902,0.0801
2018,IN,medio término,1,R,9,0.4449,Sólido R,-0.0997,2.0000,7.0000,0.2222,1.0000,1,0.3732,1,0.4692,,,,0.5446,,0.4219,0.0230,-0.0230,0.3988,-0.1113
2018,KS,medio término,1,R,4,0.4519,Inclinado R,-0.0927,1.0000,3.0000,0.2500,1.0000,1,0.3280,0,,,,,0.5446,,0.3139,0.1380,-0.1380,0.3889,-0.1212
2018,KY,medio término,1,R,6,0.3959,Sólido R,-0.1487,1.0000,5.0000,0.1667,1.0000,1,0.6640,0,,,,,0.5446,,0.2929,0.1031,-0.1031,0.3433,-0.1668
2018,LA,medio término,1,R,6,0.3983,Sólido R,-0.1463,1.0000,5.0000,0.1667,0.8333,0,,0,,,,,0.5446,,0.3000,0.0983,-0.0983,0.3983,-0.1118
2018,MA,medio término,1,R,9,0.7961,Sólido D,0.2515,9.0000,0.0000,1.0000,0.5556,0,0.8308,1,0.6252,,,,0.5446,,0.8386,-0.0426,0.0426,0.6465,0.1364
2018,MD,medio término,1,R,8,0.6692,Sólido D,0.1247,7.0000,1.0000,0.8750,1.0000,1,0.7607,1,0.6815,,,,0.5446,,0.6297,0.0395,-0.0395,0.6402,0.1301
2018,ME,medio término,1,R,2,0.5759,Sólido D,0.0313,2.0000,0.0000,1.0000,1.0000,1,0.5882,1,0.2287,,,,0.5446,,0.5196,0.0563,-0.0563,0.5160,0.0059
2018,MI,medio término,1,R,14,0.5399,Inclinado D,-0.0047,7.0000,7.0000,0.5000,0.9286,0,0.5651,1,0.5332,,,,0.5446,,0.4944,0.0455,-0.0455,0.4988,-0.0113
2018,MN,medio término,1,R,8,0.5580,Sólido D,0.0134,5.0000,3.0000,0.6250,1.0000,1,0.6561,1,0.5905,,,,0.5446,,0.5180,0.0399,-0.0399,0.5083,-0.0018
2018,MO,medio término,1,R,8,0.4358,Sólido R,-0.1088,2.0000,6.0000,0.2500,1.0000,1,0.4623,1,0.4700,,,,0.5446,,0.3942,0.0416,-0.0416,0.4018,-0.1083
2018,MS,medio término,1,R,4,0.4584,Inclinado R,-0.0862,1.0000,3.0000,0.2500,0.7500,0,0.3052,1,0.4029,,,,0.5446,,0.3979,0.0605,-0.0605,0.4091,-0.1010
2018,MT,medio término,1,R,1,0.4761,Inclinado R,-0.0684,0.0000,1.0000,0.0000,1.0000,1,0.4507,1,0.5183,,,,0.5446,,0.4192,0.0570,-0.0570,0.3889,-0.1212
2018,NC,medio término,1,R,13,0.4896,Competitivo,-0.0549,3.0000,9.0000,0.2308,0.9231,0,0.6054,0,,,,,0.5446,,0.4668,0.0228,-0.0228,0.4810,-0.0291
2018,ND,medio término,1,R,1,0.3714,Sólido R,-0.1732,0.0000,1.0000,0.0000,0.0000,0,0.3371,1,0.4455,,,,0.5446,,0.2557,0.1157,-0.1157,0.3019,-0.2082
2018,NE,medio término,1,R,3,0.3797,Sólido R,-0.1649,0.0000,3.0000,0.0000,1.0000,1,0.3595,1,0.4010,,,,0.5446,,0.2839,0.0958,-0.0958,0.3645,-0.1456
2018,NH,medio término,1,R,2,0.5556,Sólido D,0.0110,2.0000,0.0000,1.0000,1.0000,1,0.5646,0,,,,,0.5446,,0.5156,0.0399,-0.0399,0.5020,-0.0081
2018,NJ,medio término,1,R,12,0.6077,Sólido D,0.0631,11.0000,1.0000,0.9167,1.0000,1,0.6452,1,0.5577,,,,0.5446,,0.5416,0.0661,-0.0661,0.5728,0.0627
2018,NM,medio término,1,R,3,0.6042,Sólido D,0.0596,3.0000,0.0000,1.0000,1.0000,1,0.6903,1,0.6392,,,,0.5446,,0.5601,0.0440,-0.0440,0.5465,0.0364
2018,NV,medio término,1,R,4,0.5277,Inclinado D,-0.0169,3.0000,1.0000,0.7500,1.0000,1,0.5002,1,0.5262,,,,0.5446,,0.5050,0.0227,-0.0227,0.5129,0.0028
2018,NY,medio término,1,R,27,0.6964,Sólido D,0.1518,21.0000,6.0000,0.7778,0.7778,0,0.9411,1,0.6846,,,,0.5446,,0.6625,0.0339,-0.0339,0.6177,0.1076
2018,OH,medio término,1,R,16,0.4760,Inclinado R,-0.0686,4.0000,12.0000,0.2500,1.0000,1,0.4447,1,0.5341,,,,0.5446,,0.4183,0.0577,-0.0577,0.4573,-0.0528
2018,OK,medio término,1,R,5,0.3697,Sólido R,-0.1749,1.0000,4.0000,0.2000,1.0000,1,0.5490,0,,,,,0.5446,,0.2808,0.0889,-0.0889,0.3070,-0.2032
2018,OR,medio término,1,R,5,0.6017,Sólido D,0.0572,4.0000,1.0000,0.8000,0.8000,0,0.6026,0,,,,,0.5446,,0.5593,0.0424,-0.0424,0.5616,0.0515
2018,PA,medio término,1,R,18,0.5515,Sólido D,0.0069,9.0000,9.0000,0.5000,0.9444,0,0.5349,1,0.5667,,,,0.5446,,0.4588,0.0927,-0.0927,0.4962,-0.0139
2018,RI,medio término,1,R,2,0.6514,Sólido D,0.1068,2.0000,0.0000,1.0000,1.0000,1,0.8086,1,0.6158,,,,0.5446,,0.6510,0.0003,-0.0003,0.5831,0.0730
2018,SC,medio término,1,R,7,0.4498,Sólido R,-0.0947,2.0000,5.0000,0.2857,1.0000,1,0.4582,0,,,,,0.5446,,0.3946,0.0552,-0.0552,0.4254,-0.0847
2018,SD,medio término,1,R,1,0.3739,Sólido R,-0.1707,0.0000,1.0000,0.0000,1.0000,1,0.0000,0,,,,,0.5446,,0.3590,0.0149,-0.0149,0.3403,-0.1698
2018,TN,medio término,1,R,9,0.3981,Sólido R,-0.1465,2.0000,7.0000,0.2222,1.0000,1,0.3288,1,0.4453,,,,0.5446,,0.3528,0.0453,-0.0453,0.3638,-0.1464
2018,TX,medio término,1,R,36,0.4823,Competitivo,-0.0623,13.0000,23.0000,0.3611,0.8889,0,0.4387,1,0.4871,,,,0.5446,,0.3932,0.0891,-0.0891,0.4529,-0.0572
2018,UT,medio término,1,R,4,0.3773,Sólido R,-0.1673,1.0000,3.0000,0.2500,1.0000,1,0.1231,1,0.3306,,,,0.5446,,0.3339,0.0434,-0.0434,0.3762,-0.1339
2018,VA,medio término,1,R,11,0.5700,Sólido D,0.0254,7.0000,4.0000,0.6364,0.9091,0,0.6320,1,0.5816,,,,0.5446,,0.5022,0.0677,-0.0677,0.5283,0.0182
2018,VT,medio término,1,R,1,0.7273,Sólido D,0.1827,1.0000,0.0000,1.0000,1.0000,1,0.7309,1,,,,,0.5446,,1.0000,-0.2727,0.2727,0.6519,0.1418
2018,WA,medio término,1,R,10,0.6773,Sólido D,0.1327,7.0000,3.0000,0.7000,0.7000,0,0.6643,1,0.5843,,,,0.5446,,0.5527,0.1246,-0.1246,0.5879,0.0778
2018,WI,medio término,1,R,8,0.5495,Inclinado D,0.0049,3.0000,5.0000,0.3750,0.8750,0,0.5607,1,0.5542,,,,0.5446,,0.5207,0.0288,-0.0288,0.4959,-0.0142
2018,WV,medio término,1,R,3,0.4103,Sólido R,-0.1343,0.0000,3.0000,0.0000,1.0000,1,0.5724,1,0.5173,,,,0.5446,,0.3353,0.0750,-0.0750,0.2784,-0.2317
2018,WY,medio término,1,R,1,0.3189,Sólido R,-0.2257,0.0000,1.0000,0.0000,1.0000,1,0.1325,1,0.3101,,,,0.5446,,0.3258,-0.0069,0.0069,0.2429,-0.2672
2020,AK,presidencial,0,R,1,0.4542,Inclinado R,-0.0609,0.0000,1.0000,0.0000,0.0000,0,0.4761,1,0.4332,0.4474,-0.0744,0.0177,0.5151,0.5218,0.4669,-0.0128,0.0128,0.4161,-0.0940
2020,AL,presidencial,0,R,7,0.3007,Sólido R,-0.2144,1.0000,6.0000,0.1429,0.5714,0,0.2058,1,0.3980,0.3709,-0.1509,0.1169,0.5151,0.5218,0.4102,-0.1096,0.1096,0.3563,-0.1538
2020,AR,presidencial,0,R,4,0.2852,Sólido R,-0.2299,0.0000,4.0000,0.0000,0.7500,0,,1,,0.3579,-0.1639,0.0325,0.5151,0.5218,0.3600,-0.0748,0.0748,0.3571,-0.1530
2020,AZ,presidencial,0,R,9,0.4986,Competitivo,-0.0165,5.0000,4.0000,0.5556,1.0000,1,0.4861,1,0.5117,0.5016,-0.0202,0.0352,0.5151,0.5218,0.5086,-0.0100,0.0100,0.4811,-0.0290
2020,CA,presidencial,0,R,53,0.6627,Sólido D,0.1477,42.0000,11.0000,0.7925,0.8679,0,0.6682,0,,0.6491,0.1273,0.0444,0.5151,0.5218,0.6684,-0.0057,0.0057,0.6613,0.1512
2020,CO,presidencial,0,R,7,0.5492,Inclinado D,0.0341,4.0000,3.0000,0.5714,1.0000,1,0.6186,1,0.5477,0.5694,0.0476,0.0282,0.5151,0.5218,0.5544,-0.0052,0.0052,0.5268,0.0167
2020,CT,presidencial,0,R,5,0.6018,Sólido D,0.0868,5.0000,0.0000,1.0000,1.0000,1,0.0000,0,,0.6020,0.0802,0.0279,0.5151,0.5218,0.6121,-0.0102,0.0102,0.5714,0.0613
2020,DE,presidencial,0,R,1,0.5889,Sólido D,0.0739,1.0000,0.0000,1.0000,1.0000,1,0.0000,1,0.6107,0.5963,0.0745,0.0319,0.5151,0.5218,0.6445,-0.0556,0.0556,0.5600,0.0499
2020,FL,presidencial,0,R,27,0.4747,Inclinado R,-0.0404,11.0000,16.0000,0.4074,0.8889,0,0.3993,0,,0.4831,-0.0387,0.0545,0.5151,0.5218,0.4736,0.0011,-0.0011,0.4938,-0.0163
2020,GA,presidencial,0,R,14,0.4900,Competitivo,-0.0250,6.0000,8.0000,0.4286,1.0000,1,0.5036,1,0.5003,0.5012,-0.0206,0.0233,0.5151,0.5218,0.4773,0.0128,-0.0128,0.4734,-0.0367
2020,HI,presidencial,0,R,2,0.6956,Sólido D,0.1806,2.0000,0.0000,1.0000,1.0000,1,0.7947,0,,0.6503,0.1285,0.0834,0.5151,0.5218,0.7672,-0.0716,0.0716,0.6744,0.1643
2020,IA,presidencial,0,R,4,0.4700,Inclinado R,-0.0450,1.0000,3.0000,0.2500,1.0000,1,0.5279,1,0.4660,0.4582,-0.0636,0.0304,0.5151,0.5218,0.5205,-0.0504,0.0504,0.4494,-0.0607
2020,ID,presidencial,0,R,2,0.3128,Sólido R,-0.2023,0.0000,2.0000,0.0000,1.0000,1,0.2622,1,0.3468,0.3412,-0.1806,0.0208,0.5151,0.5218,0.3603,-0.0475,0.0475,0.3169,-0.1932
2020,IL,presidencial,0,R,18,0.5813,Sólido D,0.0662,13.0000,5.0000,0.7222,0.9444,0,0.7480,1,0.5856,0.5866,0.0648,0.0260,0.5151,0.5218,0.6112,-0.0299,0.0299,0.5902,0.0801
2020,IN,presidencial,0,R,9,0.4073,Sólido R,-0.1078,2.0000,7.0000,0.2222,1.0000,1,0.4716,0,,0.4180,-0.1038,0.0121,0.5151,0.5218,0.4449,-0.0376,0.0376,0.3988,-0.1113
2020,KS,presidencial,0,R,4,0.4180,Sólido R,-0.0971,1.0000,3.0000,0.2500,1.0000,1,0.3230,1,0.4398,0.4251,-0.0967,0.0109,0.5151,0.5218,0.4519,-0.0339,0.0339,0.3889,-0.1212
2020,KY,presidencial,0,R,6,0.3503,Sólido R,-0.1648,1.0000,5.0000,0.1667,1.0000,1,0.3387,1,0.3983,0.3680,-0.1538,0.0098,0.5151,0.5218,0.3959,-0.0456,0.0456,0.3433,-0.1668
2020,LA,presidencial,0,R,6,0.3547,Sólido R,-0.1604,1.0000,5.0000,0.1667,1.0000,1,,1,0.3658,0.4054,-0.1164,0.0220,0.5151,0.5218,0.3983,-0.0436,0.0436,0.3983,-0.1118
2020,MA,presidencial,0,R,9,0.7803,Sólido D,0.2652,9.0000,0.0000,1.0000,0.5556,0,0.8971,1,0.6669,0.6712,0.1494,0.0839,0.5151,0.5218,0.7961,-0.0158,0.0158,0.6465,0.1364
2020,MD,presidencial,0,R,8,0.6504,Sólido D,0.1353,7.0000,1.0000,0.8750,1.0000,1,0.7636,0,,0.6703,0.1485,0.0273,0.5151,0.5218,0.6692,-0.0188,0.0188,0.6402,0.1301
2020,ME,presidencial,0,R,2,0.5795,Sólido D,0.0645,2.0000,0.0000,1.0000,1.0000,1,0.6573,1,0.4540,0.5467,0.0249,0.0124,0.5151,0.5218,0.5759,0.0036,-0.0036,0.5160,0.0059
2020,MI,presidencial,0,R,14,0.5067,Competitivo,-0.0084,7.0000,7.0000,0.5000,1.0000,1,0.5380,1,0.5086,0.5141,-0.0076,0.0210,0.5151,0.5218,0.5399,-0.0333,0.0333,0.4988,-0.0113
2020,MN,presidencial,0,R,8,0.5131,Competitivo,-0.0019,4.0000,4.0000,0.5000,1.0000,1,0.7151,1,0.5284,0.5364,0.0146,0.0254,0.5151,0.5218,0.5580,-0.0448,0.0448,0.5083,-0.0018
2020,MO,presidencial,0,R,8,0.4045,Sólido R,-0.1106,2.0000,6.0000,0.2500,1.0000,1,0.4430,0,,0.4216,-0.1001,0.0174,0.5151,0.5218,0.4358,-0.0313,0.0313,0.4018,-0.1083
2020,MS,presidencial,0,R,4,0.3429,Sólido R,-0.1722,1.0000,3.0000,0.2500,0.7500,0,0.4537,1,0.4492,0.4162,-0.1056,0.0654,0.5151,0.5218,0.4584,-0.1155,0.1155,0.4091,-0.1010
2020,MT,presidencial,0,R,1,0.4361,Sólido R,-0.0789,0.0000,1.0000,0.0000,1.0000,1,0.4079,1,0.4499,0.4160,-0.1058,0.0036,0.5151,0.5218,0.4761,-0.0400,0.0400,0.3889,-0.1212
2020,NC,presidencial,0,R,13,0.5028,Competitivo,-0.0123,5.0000,8.0000,0.3846,0.9231,0,0.7222,1,0.4909,0.4932,-0.0286,0.0361,0.5151,0.5218,0.4896,0.0131,-0.0131,0.4810,-0.0291
2020,ND,presidencial,0,R,1,0.2856,Sólido R,-0.2295,0.0000,1.0000,0.0000,0.0000,0,0.9738,0,,0.3279,-0.1938,0.0172,0.5151,0.5218,0.3714,-0.0858,0.0858,0.3019,-0.2082
2020,NE,presidencial,0,R,3,0.3578,Sólido R,-0.1573,0.0000,3.0000,0.0000,1.0000,1,0.3619,1,0.2802,0.4022,-0.1196,0.0158,0.5151,0.5218,0.3797,-0.0219,0.0219,0.3645,-0.1456
2020,NH,presidencial,0,R,2,0.5390,Inclinado D,0.0239,2.0000,0.0000,1.0000,1.0000,1,0.5266,1,0.5801,0.5375,0.0157,0.0237,0.5151,0.5218,0.5556,-0.0166,0.0166,0.5020,-0.0081
2020,NJ,presidencial,0,R,12,0.5794,Sólido D,0.0644,10.0000,2.0000,0.8333,0.9167,0,0.7033,1,0.5831,0.5807,0.0589,0.0256,0.5151,0.5218,0.6077,-0.0283,0.0283,0.5728,0.0627
2020,NM,presidencial,0,R,3,0.5487,Inclinado D,0.0336,2.0000,1.0000,0.6667,1.0000,1,0.6029,1,0.5314,0.5552,0.0334,0.0219,0.5151,0.5218,0.6042,-0.0555,0.0555,0.5465,0.0364
2020,NV,presidencial,0,R,4,0.5122,Competitivo,-0.0029,3.0000,1.0000,0.7500,1.0000,1,0.5222,0,,0.5122,-0.0096,0.0354,0.5151,0.5218,0.5277,-0.0155,0.0155,0.5129,0.0028
2020,NY,presidencial,0,R,27,0.6368,Sólido D,0.1218,19.0000,8.0000,0.7037,0.9259,0,0.8368,0,,0.6173,0.0955,0.0452,0.5151,0.5218,0.6964,-0.0596,0.0596,0.6177,0.1076
2020,OH,presidencial,0,R,16,0.4301,Sólido R,-0.0849,4.0000,12.0000,0.2500,0.9375,0,0.5025,0,,0.4592,-0.0626,0.0280,0.5151,0.5218,0.4760,-0.0458,0.0458,0.4573,-0.0528
2020,OK,presidencial,0,R,5,0.3130,Sólido R,-0.2021,0.0000,5.0000,0.0000,1.0000,1,0.4035,1,0.3424,0.3306,-0.1912,0.0060,0.5151,0.5218,0.3697,-0.0567,0.0567,0.3070,-0.2032
2020,OR,presidencial,0,R,5,0.5707,Sólido D,0.0557,4.0000,1.0000,0.8000,1.0000,1,0.6197,1,0.5914,0.5831,0.0613,0.0279,0.5151,0.5218,0.6017,-0.0310,0.0310,0.5616,0.0515
2020,PA,presidencial,0,R,18,0.4937,Competitivo,-0.0214,9.0000,9.0000,0.5000,1.0000,1,0.5746,0,,0.5059,-0.0159,0.0215,0.5151,0.5218,0.5515,-0.0578,0.0578,0.4962,-0.0139
2020,RI,presidencial,0,R,2,0.7399,Sólido D,0.2248,2.0000,0.0000,1.0000,0.5000,0,0.8734,1,0.6659,0.6060,0.0842,0.0567,0.5151,0.5218,0.6514,0.0886,-0.0886,0.5831,0.0730
2020,SC,presidencial,0,R,7,0.4325,Sólido R,-0.0825,1.0000,6.0000,0.1429,1.0000,1,0.4314,1,0.4479,0.4407,-0.0811,0.0031,0.5151,0.5218,0.4498,-0.0173,0.0173,0.4254,-0.0847
2020,SD,presidencial,0,R,1,0.0000,Sólido R,-0.5151,0.0000,1.0000,0.0000,0.0000,0,0.0000,1,0.3426,0.3657,-0.1561,0.0589,0.5151,0.5218,0.3739,-0.3739,0.3739,0.3403,-0.1698
2020,TN,presidencial,0,R,9,0.3961,Sólido R,-0.1189,2.0000,7.0000,0.2222,0.8889,0,0.3736,1,0.3611,0.3817,-0.1401,0.0695,0.5151,0.5218,0.3981,-0.0020,0.0020,0.3638,-0.1464
2020,TX,presidencial,0,R,36,0.4524,Inclinado R,-0.0626,13.0000,23.0000,0.3611,1.0000,1,0.4906,1,0.4505,0.4717,-0.0501,0.0196,0.5151,0.5218,0.4823,-0.0299,0.0299,0.4529,-0.0572
2020,UT,presidencial,0,R,4,0.3668,Sólido R,-0.1483,0.0000,4.0000,0.0000,1.0000,1,0.0870,0,,0.3931,-0.1287,0.0377,0.5151,0.5218,0.3773,-0.0105,0.0105,0.3762,-0.1339
2020,VA,presidencial,0,R,11,0.5240,Inclinado D,0.0089,7.0000,4.0000,0.6364,0.9091,0,0.7424,1,0.5605,0.5515,0.0298,0.0280,0.5151,0.5218,0.5700,-0.0460,0.0460,0.5283,0.0182
2020,VT,presidencial,0,R,1,0.7137,Sólido D,0.1986,1.0000,0.0000,1.0000,1.0000,1,0.7065,0,,0.6830,0.1612,0.0343,0.5151,0.5218,0.7273,-0.0136,0.0136,0.6519,0.1418
2020,WA,presidencial,0,R,10,0.6023,Sólido D,0.0872,7.0000,3.0000,0.7000,0.9000,0,0.5898,0,,0.5993,0.0775,0.0351,0.5151,0.5218,0.6773,-0.0750,0.0750,0.5879,0.0778
2020,WI,presidencial,0,R,8,0.4853,Competitivo,-0.0297,3.0000,5.0000,0.3750,1.0000,1,0.5715,0,,0.5032,-0.0186,0.0182,0.5151,0.5218,0.5495,-0.0642,0.0642,0.4959,-0.0142
2020,WV,presidencial,0,R,3,0.3244,Sólido R,-0.1907,0.0000,3.0000,0.0000,1.0000,1,0.4715,1,0.2775,0.3020,-0.2198,0.0422,0.5151,0.5218,0.4103,-0.0859,0.0859,0.2784,-0.2317
2020,WY,presidencial,0,R,1,0.2639,Sólido R,-0.2512,0.0000,1.0000,0.0000,1.0000,1,0.1801,1,0.2713,0.2752,-0.2466,0.0212,0.5151,0.5218,0.3189,-0.0550,0.0550,0.2429,-0.2672
2022,AK,medio término,1,D,1,0.4984,Competitivo,0.0117,1.0000,0.0000,1.0000,1.0000,1,0.3760,1,0.1045,,,,0.4867,,0.4542,0.0442,0.0442,0.4474,-0.0744
2022,AL,medio término,1,D,7,0.2526,Sólido R,-0.2341,1.0000,6.0000,0.1429,0.7143,0,0.1557,1,0.3167,,,,0.4867,,0.3007,-0.0481,-0.0481,0.3709,-0.1509
2022,AR,medio término,1,D,4,0.3125,Sólido R,-0.1743,0.0000,4.0000,0.0000,1.0000,1,0.0000,1,0.3211,,,,0.4867,,0.2852,0.0273,0.0273,0.3579,-0.1639
2022,AZ,medio término,1,D,9,0.4312,Sólido R,-0.0555,3.0000,6.0000,0.3333,0.7778,0,0.3814,1,0.5250,,,,0.4867,,0.4986,-0.0674,-0.0674,0.5016,-0.0202
2022,CA,medio término,1,D,52,0.6435,Sólido D,0.1567,40.0000,12.0000,0.7692,0.8462,0,0.6368,1,0.6098,,,,0.4867,,0.6627,-0.0193,-0.0193,0.6491,0.1273
2022,CO,medio término,1,D,8,0.5651,Sólido D,0.0783,5.0000,3.0000,0.6250,1.0000,1,0.4554,1,0.5752,,,,0.4867,,0.5492,0.0159,0.0159,0.5694,0.0476
2022,CT,medio término,1,D,5,0.5776,Sólido D,0.0908,5.0000,0.0000,1.0000,1.0000,1,0.0000,1,0.5668,,,,0.4867,,0.6018,-0.0243,-0.0243,0.6020,0.0802
2022,DE,medio término,1,D,1,0.5635,Sólido D,0.0768,1.0000,0.0000,1.0000,1.0000,1,,0,,,,,0.4867,,0.5889,-0.0254,-0.0254,0.5963,0.0745
2022,FL,medio término,1,D,28,0.4049,Sólido R,-0.0819,8.0000,20.0000,0.2857,0.8571,0,0.3367,1,0.4171,,,,0.4867,,0.4747,-0.0698,-0.0698,0.4831,-0.0387
2022,GA,medio término,1,D,14,0.4769,Inclinado R,-0.0098,5.0000,9.0000,0.3571,1.0000,1,0.3717,1,0.5093,,,,0.4867,,0.4900,-0.0131,-0.0131,0.5012,-0.0206
2022,HI,medio término,1,D,2,0.6867,Sólido D,0.1999,2.0000,0.0000,1.0000,1.0000,1,0.7917,1,0.7323,,,,0.4867,,0.6956,-0.0090,-0.0090,0.6503,0.1285
2022,IA,medio término,1,D,4,0.4371,Sólido R,-0.0496,0.0000,4.0000,0.0000,1.0000,1,0.4497,1,0.4390,,,,0.4867,,0.4700,-0.0329,-0.0329,0.4582,-0.0636
2022,ID,medio término,1,D,2,0.3140,Sólido R,-0.1727,0.0000,2.0000,0.0000,1.0000,1,0.1143,1,0.3214,,,,0.4867,,0.3128,0.0012,0.0012,0.3412,-0.1806
2022,IL,medio término,1,D,17,0.5622,Sólido D,0.0755,14.0000,3.0000,0.8235,0.9412,0,0.5333,1,0.5779,,,,0.4867,,0.5813,-0.0191,-0.0191,0.5866,0.0648
2022,IN,medio término,1,D,9,0.3926,Sólido R,-0.0942,2.0000,7.0000,0.2222,1.0000,1,0.3188,1,0.3925,,,,0.4867,,0.4073,-0.0148,-0.0148,0.4180,-0.1038
2022,KS,medio término,1,D,4,0.4275,Sólido R,-0.0592,1.0000,3.0000,0.2500,1.0000,1,0.3555,1,0.3817,,,,0.4867,,0.4180,0.0095,0.0095,0.4251,-0.0967
2022,KY,medio término,1,D,6,0.3399,Sólido R,-0.1468,1.0000,5.0000,0.1667,1.0000,1,0.3466,1,0.3819,,,,0.4867,,0.3503,-0.0104,-0.0104,0.3680,-0.1538
2022,LA,medio término,1,D,6,0.2919,Sólido R,-0.1949,1.0000,5.0000,0.1667,0.5000,0,,1,0.3543,,,,0.4867,,0.3547,-0.0628,-0.0628,0.4054,-0.1164
2022,MA,medio término,1,D,9,0.6984,Sólido D,0.2116,9.0000,0.0000,1.0000,0.8889,0,0.7726,0,,,,,0.4867,,0.7803,-0.0819,-0.0819,0.6712,0.1494
2022,MD,medio término,1,D,8,0.6516,Sólido D,0.1649,7.0000,1.0000,0.8750,1.0000,1,0.7172,1,0.6587,,,,0.4867,,0.6504,0.0012,0.0012,0.6703,0.1485
2022,ME,medio término,1,D,2,0.5795,Sólido D,0.0928,2.0000,0.0000,1.0000,1.0000,1,0.5371,0,,,,,0.4867,,0.5795,-0.0000,-0.0000,0.5467,0.0249
2022,MI,medio término,1,D,13,0.5118,Competitivo,0.0251,7.0000,6.0000,0.5385,0.9231,0,0.4578,0,,,,,0.4867,,0.5067,0.0052,0.0052,0.5141,-0.0076
2022,MN,medio término,1,D,8,0.5101,Competitivo,0.0234,4.0000,4.0000,0.5000,1.0000,1,0.5942,0,,,,,0.4867,,0.5131,-0.0030,-0.0030,0.5364,0.0146
2022,MO,medio término,1,D,8,0.3938,Sólido R,-0.0929,2.0000,6.0000,0.2500,1.0000,1,0.3582,1,0.4321,,,,0.4867,,0.4045,-0.0107,-0.0107,0.4216,-0.1001
2022,MS,medio término,1,D,4,0.3560,Sólido R,-0.1307,1.0000,3.0000,0.2500,1.0000,1,0.2062,0,,,,,0.4867,,0.3429,0.0132,0.0132,0.4162,-0.1056
2022,MT,medio término,1,D,2,0.3931,Sólido R,-0.0936,0.0000,2.0000,0.0000,1.0000,1,0.3422,0,,,,,0.4867,,0.4361,-0.0430,-0.0430,0.4160,-0.1058
2022,NC,medio término,1,D,14,0.4784,Inclinado R,-0.0083,7.0000,7.0000,0.5000,1.0000,1,0.3864,1,0.4835,,,,0.4867,,0.5028,-0.0243,-0.0243,0.4932,-0.0286
2022,ND,medio término,1,D,1,0.0000,Sólido R,-0.4867,0.0000,1.0000,0.0000,0.0000,0,0.2358,1,0.3069,,,,0.4867,,0.2856,-0.2856,-0.2856,0.3279,-0.1938
2022,NE,medio término,1,D,3,0.3623,Sólido R,-0.1244,0.0000,3.0000,0.0000,1.0000,1,0.2698,0,,,,,0.4867,,0.3578,0.0046,0.0046,0.4022,-0.1196
2022,NH,medio término,1,D,2,0.5496,Inclinado D,0.0629,2.0000,0.0000,1.0000,1.0000,1,0.3960,1,0.5467,,,,0.4867,,0.5390,0.0107,0.0107,0.5375,0.0157
2022,NJ,medio término,1,D,12,0.5497,Inclinado D,0.0630,9.0000,3.0000,0.7500,1.0000,1,0.5635,0,,,,,0.4867,,0.5794,-0.0297,-0.0297,0.5807,0.0589
2022,NM,medio término,1,D,3,0.5506,Sólido D,0.0639,3.0000,0.0000,1.0000,1.0000,1,0.5477,0,,,,,0.4867,,0.5487,0.0020,0.0020,0.5552,0.0334
2022,NV,medio término,1,D,4,0.4826,Competitivo,-0.0042,3.0000,1.0000,0.7500,1.0000,1,0.3692,1,0.5040,,,,0.4867,,0.5122,-0.0296,-0.0296,0.5122,-0.0096
2022,NY,medio término,1,D,26,0.5756,Sólido D,0.0888,15.0000,11.0000,0.5769,0.9231,0,0.7625,1,0.5783,,,,0.4867,,0.6368,-0.0613,-0.0613,0.6173,0.0955
2022,OH,medio término,1,D,15,0.4357,Sólido R,-0.0510,5.0000,10.0000,0.3333,1.0000,1,0.3231,1,0.4694,,,,0.4867,,0.4301,0.0056,0.0056,0.4592,-0.0626
2022,OK,medio término,1,D,5,0.3194,Sólido R,-0.1673,0.0000,5.0000,0.0000,1.0000,1,0.0000,1,0.3481,,,,0.4867,,0.3130,0.0064,0.0064,0.3306,-0.1912
2022,OR,medio término,1,D,6,0.5431,Inclinado D,0.0564,4.0000,2.0000,0.6667,1.0000,1,0.5915,1,0.5770,,,,0.4867,,0.5707,-0.0276,-0.0276,0.5831,0.0613
2022,PA,medio término,1,D,17,0.4742,Inclinado R,-0.0126,9.0000,8.0000,0.5294,0.7647,0,0.4725,1,0.5252,,,,0.4867,,0.4937,-0.0195,-0.0195,0.5059,-0.0159
2022,RI,medio término,1,D,2,0.5735,Sólido D,0.0868,2.0000,0.0000,1.0000,1.0000,1,0.8433,0,,,,,0.4867,,0.7399,-0.1664,-0.1664,0.6060,0.0842
2022,SC,medio término,1,D,7,0.3287,Sólido R,-0.1580,1.0000,6.0000,0.1429,0.7143,0,0.2478,1,0.3705,,,,0.4867,,0.4325,-0.1038,-0.1038,0.4407,-0.0811
2022,SD,medio término,1,D,1,0.0000,Sólido R,-0.4867,0.0000,1.0000,0.0000,0.0000,0,0.0000,1,0.2730,,,,0.4867,,0.0000,0.0000,0.0000,0.3657,-0.1561
2022,TN,medio término,1,D,9,0.3461,Sólido R,-0.1407,1.0000,8.0000,0.1111,1.0000,1,0.3301,0,,,,,0.4867,,0.3961,-0.0500,-0.0500,0.3817,-0.1401
2022,TX,medio término,1,D,38,0.3968,Sólido R,-0.0900,13.0000,25.0000,0.3421,0.8421,0,0.3624,0,,,,,0.4867,,0.4524,-0.0556,-0.0556,0.4717,-0.0501
2022,UT,medio término,1,D,4,0.3377,Sólido R,-0.1491,0.0000,4.0000,0.0000,1.0000,1,0.0000,1,,,,,0.4867,,0.3668,-0.0291,-0.0291,0.3931,-0.1287
2022,VA,medio término,1,D,11,0.5182,Competitivo,0.0314,6.0000,5.0000,0.5455,1.0000,1,0.3079,0,,,,,0.4867,,0.5240,-0.0058,-0.0058,0.5515,0.0298
2022,VT,medio término,1,D,1,0.6924,Sólido D,0.2057,1.0000,0.0000,1.0000,1.0000,1,0.7903,1,0.7095,,,,0.4867,,0.7137,-0.0212,-0.0212,0.6830,0.1612
2022,WA,medio término,1,D,10,0.5812,Sólido D,0.0945,8.0000,2.0000,0.8000,1.0000,1,0.5592,1,0.5728,,,,0.4867,,0.6023,-0.0210,-0.0210,0.5993,0.0775
2022,WI,medio término,1,D,8,0.4193,Sólido R,-0.0675,2.0000,6.0000,0.2500,0.7500,0,0.3855,1,0.4950,,,,0.4867,,0.4853,-0.0661,-0.0661,0.5032,-0.0186
2022,WV,medio término,1,D,2,0.3242,Sólido R,-0.1625,0.0000,2.0000,0.0000,1.0000,1,0.3281,0,,,,,0.4867,,0.3244,-0.0001,-0.0001,0.3020,-0.2198
2022,WY,medio término,1,D,1,0.2633,Sólido R,-0.2235,0.0000,1.0000,0.0000,1.0000,1,0.0423,0,,,,,0.4867,,0.2639,-0.0006,-0.0006,0.2752,-0.2466
2024,AK,presidencial,0,D,1,0.4948,Competitivo,0.0079,0.0000,1.0000,0.0000,1.0000,1,,0,,0.4315,-0.0601,0.0255,0.4868,0.4916,0.4984,-0.0036,-0.0036,0.4474,-0.0744
2024,AL,presidencial,0,D,7,0.2557,Sólido R,-0.2312,2.0000,5.0000,0.2857,0.5714,0,,0,,0.3456,-0.1460,0.0955,0.4868,0.4916,0.2526,0.0030,0.0030,0.3709,-0.1509
2024,AR,presidencial,0,D,4,0.3194,Sólido R,-0.1674,0.0000,4.0000,0.0000,1.0000,1,,0,,0.3433,-0.1483,0.0320,0.4868,0.4916,0.3125,0.0070,0.0070,0.3579,-0.1639
2024,AZ,presidencial,0,D,9,0.4799,Inclinado R,-0.0069,3.0000,6.0000,0.3333,1.0000,1,,1,0.5123,0.4721,-0.0195,0.0402,0.4868,0.4916,0.4312,0.0487,0.0487,0.5016,-0.0202
2024,CA,presidencial,0,D,52,0.6065,Sólido D,0.1197,43.0000,9.0000,0.8269,0.9038,0,,1,0.5881,0.6040,0.1124,0.0475,0.4868,0.4916,0.6435,-0.0369,-0.0369,0.6491,0.1273
2024,CO,presidencial,0,D,8,0.5607,Sólido D,0.0739,4.0000,4.0000,0.5000,1.0000,1,,0,,0.5565,0.0649,0.0374,0.4868,0.4916,0.5651,-0.0043,-0.0043,0.5694,0.0476
2024,CT,presidencial,0,D,5,0.5897,Sólido D,0.1029,5.0000,0.0000,1.0000,1.0000,1,,1,0.5844,0.5738,0.0822,0.0325,0.4868,0.4916,0.5776,0.0121,0.0121,0.6020,0.0802
2024,DE,presidencial,0,D,1,0.5786,Sólido D,0.0918,1.0000,0.0000,1.0000,1.0000,1,,1,0.5889,0.5748,0.0832,0.0302,0.4868,0.4916,0.5635,0.0151,0.0151,0.5963,0.0745
2024,FL,presidencial,0,D,28,0.4207,Sólido R,-0.0661,8.0000,20.0000,0.2857,0.9643,0,,1,0.4350,0.4339,-0.0577,0.0519,0.4868,0.4916,0.4049,0.0158,0.0158,0.4831,-0.0387
2024,GA,presidencial,0,D,14,0.4740,Inclinado R,-0.0128,5.0000,9.0000,0.3571,1.0000,1,,0,,0.4890,-0.0026,0.0217,0.4868,0.4916,0.4769,-0.0029,-0.0029,0.5012,-0.0206
2024,HI,presidencial,0,D,2,0.7027,Sólido D,0.2158,2.0000,0.0000,1.0000,1.0000,1,,1,0.6695,0.6178,0.1262,0.0734,0.4868,0.4916,0.6867,0.0160,0.0160,0.6503,0.1285
2024,IA,presidencial,0,D,4,0.4349,Sólido R,-0.0520,0.0000,4.0000,0.0000,1.0000,1,,0,,0.4328,-0.0588,0.0324,0.4868,0.4916,0.4371,-0.0023,-0.0023,0.4582,-0.0636
2024,ID,presidencial,0,D,2,0.2965,Sólido R,-0.1904,0.0000,2.0000,0.0000,1.0000,1,,0,,0.3124,-0.1792,0.0346,0.4868,0.4916,0.3140,-0.0176,-0.0176,0.3412,-0.1806
2024,IL,presidencial,0,D,17,0.5292,Inclinado D,0.0423,14.0000,3.0000,0.8235,0.8824,0,,0,,0.5557,0.0641,0.0485,0.4868,0.4916,0.5622,-0.0330,-0.0330,0.5866,0.0648
2024,IN,presidencial,0,D,9,0.3981,Sólido R,-0.0888,2.0000,7.0000,0.2222,1.0000,1,,1,0.3980,0.4035,-0.0881,0.0233,0.4868,0.4916,0.3926,0.0055,0.0055,0.4180,-0.1038
2024,KS,presidencial,0,D,4,0.4125,Sólido R,-0.0743,1.0000,3.0000,0.2500,1.0000,1,,0,,0.4179,-0.0736,0.0165,0.4868,0.4916,0.4275,-0.0150,-0.0150,0.4251,-0.0967
2024,KY,presidencial,0,D,6,0.2689,Sólido R,-0.2180,1.0000,5.0000,0.1667,0.6667,0,,0,,0.3449,-0.1467,0.0815,0.4868,0.4916,0.3399,-0.0711,-0.0711,0.3680,-0.1538
2024,LA,presidencial,0,D,6,0.3427,Sólido R,-0.1441,2.0000,4.0000,0.3333,0.8333,0,,0,,0.3882,-0.1034,0.0505,0.4868,0.4916,0.2919,0.0508,0.0508,0.4054,-0.1164
2024,MA,presidencial,0,D,9,0.8868,Sólido D,0.4000,9.0000,0.0000,1.0000,0.2222,0,,1,0.5992,0.6296,0.1380,0.1432,0.4868,0.4916,0.6984,0.1885,0.1885,0.6712,0.1494
2024,MD,presidencial,0,D,8,0.6468,Sólido D,0.1600,7.0000,1.0000,0.8750,1.0000,1,,1,0.5605,0.6475,0.1560,0.0339,0.4868,0.4916,0.6516,-0.0048,-0.0048,0.6703,0.1485
2024,ME,presidencial,0,D,2,0.5613,Sólido D,0.0745,2.0000,0.0000,1.0000,1.0000,1,,1,0.2382,0.5354,0.0439,0.0171,0.4868,0.4916,0.5795,-0.0182,-0.0182,0.5467,0.0249
2024,MI,presidencial,0,D,13,0.4936,Competitivo,0.0068,6.0000,7.0000,0.4615,1.0000,1,,1,0.5018,0.4928,0.0012,0.0260,0.4868,0.4916,0.5118,-0.0183,-0.0183,0.5141,-0.0076
2024,MN,presidencial,0,D,8,0.5047,Competitivo,0.0178,4.0000,4.0000,0.5000,1.0000,1,,1,0.5812,0.5217,0.0301,0.0329,0.4868,0.4916,0.5101,-0.0055,-0.0055,0.5364,0.0146
2024,MO,presidencial,0,D,8,0.3968,Sólido R,-0.0900,2.0000,6.0000,0.2500,1.0000,1,,1,0.4295,0.4066,-0.0850,0.0235,0.4868,0.4916,0.3938,0.0030,0.0030,0.4216,-0.1001
2024,MS,presidencial,0,D,4,0.3012,Sólido R,-0.1856,1.0000,3.0000,0.2500,0.7500,0,,1,0.3719,0.3843,-0.1073,0.0528,0.4868,0.4916,0.3560,-0.0548,-0.0548,0.4162,-0.1056
2024,MT,presidencial,0,D,2,0.4040,Sólido R,-0.0828,0.0000,2.0000,0.0000,1.0000,1,,1,0.4636,0.3971,-0.0945,0.0086,0.4868,0.4916,0.3931,0.0109,0.0109,0.4160,-0.1058
2024,NC,presidencial,0,D,14,0.4484,Sólido R,-0.0384,4.0000,10.0000,0.2857,0.8571,0,,0,,0.4837,-0.0079,0.0379,0.4868,0.4916,0.4784,-0.0300,-0.0300,0.4932,-0.0286
2024,ND,presidencial,0,D,1,0.3048,Sólido R,-0.1820,0.0000,1.0000,0.0000,1.0000,1,,1,0.3348,0.3130,-0.1786,0.0227,0.4868,0.4916,0.0000,0.3048,0.3048,0.3279,-0.1938
2024,NE,presidencial,0,D,3,0.3638,Sólido R,-0.1230,0.0000,3.0000,0.0000,1.0000,1,,1,0.2440,0.3958,-0.0958,0.0239,0.4868,0.4916,0.3623,0.0015,0.0015,0.4022,-0.1196
2024,NH,presidencial,0,D,2,0.5351,Inclinado D,0.0483,2.0000,0.0000,1.0000,1.0000,1,,0,,0.5141,0.0225,0.0261,0.4868,0.4916,0.5496,-0.0145,-0.0145,0.5375,0.0157
2024,NJ,presidencial,0,D,12,0.5364,Inclinado D,0.0496,9.0000,3.0000,0.7500,1.0000,1,,1,0.5493,0.5301,0.0386,0.0551,0.4868,0.4916,0.5497,-0.0133,-0.0133,0.5807,0.0589
2024,NM,presidencial,0,D,3,0.5507,Sólido D,0.0639,3.0000,0.0000,1.0000,1.0000,1,,1,0.5506,0.5307,0.0391,0.0291,0.4868,0.4916,0.5506,0.0001,0.0001,0.5552,0.0334
2024,NV,presidencial,0,D,4,0.4354,Sólido R,-0.0515,3.0000,1.0000,0.7500,0.7500,0,,1,0.5087,0.4842,-0.0074,0.0389,0.4868,0.4916,0.4826,-0.0472,-0.0472,0.5122,-0.0096
2024,NY,presidencial,0,D,26,0.5875,Sólido D,0.1007,19.0000,7.0000,0.7308,1.0000,1,,1,0.5969,0.5634,0.0719,0.0399,0.4868,0.4916,0.5756,0.0120,0.0120,0.6173,0.0955
2024,OH,presidencial,0,D,15,0.4342,Sólido R,-0.0526,5.0000,10.0000,0.3333,1.0000,1,,1,0.4813,0.4434,-0.0482,0.0342,0.4868,0.4916,0.4357,-0.0015,-0.0015,0.4592,-0.0626
2024,OK,presidencial,0,D,5,0.3228,Sólido R,-0.1640,0.0000,5.0000,0.0000,0.8000,0,,0,,0.3253,-0.1663,0.1814,0.4868,0.4916,0.3194,0.0034,0.0034,0.3306,-0.1912
2024,OR,presidencial,0,D,6,0.5579,Sólido D,0.0711,5.0000,1.0000,0.8333,1.0000,1,,0,,0.5743,0.0827,0.0390,0.4868,0.4916,0.5431,0.0148,0.0148,0.5831,0.0613
2024,PA,presidencial,0,D,17,0.4895,Competitivo,0.0027,7.0000,10.0000,0.4118,0.9412,0,,1,0.4989,0.4914,-0.0002,0.0339,0.4868,0.4916,0.4742,0.0153,0.0153,0.5059,-0.0159
2024,RI,presidencial,0,D,2,0.6191,Sólido D,0.1323,2.0000,0.0000,1.0000,1.0000,1,,1,0.6005,0.5708,0.0792,0.0561,0.4868,0.4916,0.5735,0.0456,0.0456,0.6060,0.0842
2024,SC,presidencial,0,D,7,0.3953,Sólido R,-0.0915,1.0000,6.0000,0.1429,1.0000,1,,0,,0.4094,-0.0822,0.0287,0.4868,0.4916,0.3287,0.0666,0.0666,0.4407,-0.0811
2024,SD,presidencial,0,D,1,0.2796,Sólido R,-0.2073,0.0000,1.0000,0.0000,1.0000,1,,0,,0.3505,-0.1410,0.0174,0.4868,0.4916,0.0000,0.2796,0.2796,0.3657,-0.1561
2024,TN,presidencial,0,D,9,0.3416,Sólido R,-0.1452,1.0000,8.0000,0.1111,1.0000,1,,1,0.3487,0.3494,-0.1422,0.0447,0.4868,0.4916,0.3461,-0.0045,-0.0045,0.3817,-0.1401
2024,TX,presidencial,0,D,38,0.4088,Sólido R,-0.0780,13.0000,25.0000,0.3421,0.7895,0,,1,0.4565,0.4306,-0.0610,0.0628,0.4868,0.4916,0.3968,0.0120,0.0120,0.4717,-0.0501
2024,UT,presidencial,0,D,4,0.3412,Sólido R,-0.1456,0.0000,4.0000,0.0000,1.0000,1,,1,0.3368,0.3889,-0.1026,0.0267,0.4868,0.4916,0.3377,0.0036,0.0036,0.3931,-0.1287
2024,VA,presidencial,0,D,11,0.5190,Competitivo,0.0322,6.0000,5.0000,0.5455,1.0000,1,,1,0.5448,0.5295,0.0379,0.0172,0.4868,0.4916,0.5182,0.0008,0.0008,0.5515,0.0298
2024,VT,presidencial,0,D,1,1.0000,Sólido D,0.5132,1.0000,0.0000,1.0000,0.0000,0,,1,,0.6639,0.1723,0.0509,0.4868,0.4916,0.6924,0.3076,0.3076,0.6830,0.1612
2024,WA,presidencial,0,D,10,0.5751,Sólido D,0.0883,8.0000,2.0000,0.8000,0.8000,0,,1,0.5925,0.5946,0.1031,0.0398,0.4868,0.4916,0.5812,-0.0061,-0.0061,0.5993,0.0775
2024,WI,presidencial,0,D,8,0.4851,Competitivo,-0.0017,2.0000,6.0000,0.2500,1.0000,1,,1,0.5043,0.4956,0.0040,0.0284,0.4868,0.4916,0.4193,0.0658,0.0658,0.5032,-0.0186
2024,WV,presidencial,0,D,2,0.2879,Sólido R,-0.1989,0.0000,2.0000,0.0000,1.0000,1,,1,0.2876,0.2866,-0.2050,0.0515,0.4868,0.4916,0.3242,-0.0363,-0.0363,0.3020,-0.2198
2024,WY,presidencial,0,D,1,0.2476,Sólido R,-0.2392,0.0000,1.0000,0.0000,1.0000,1,,1,0.2431,0.2652,-0.2264,0.0279,0.4868,0.4916,0.2633,-0.0157,-0.0157,0.2752,-0.2466
