,count,mean,median,std,min,max,media - mediana
Cuota D Cámara,250.0,0.4816,0.475,0.1239,0.0,0.8916,0.0067
Cuota D Presidente (presidencial anterior),250.0,0.4851,0.4935,0.1017,0.2429,0.7299,-0.0084
Cuota D Cámara (presidencial anterior),250.0,0.4881,0.494,0.1398,0.0,1.0,-0.006
Cuota D internas,240.0,0.4591,0.453,0.2358,0.0,1.0,0.0062
Cuota D Senado (mismo día),162.0,0.4896,0.503,0.1323,0.1045,0.805,-0.0134
Proporción de bancas D,250.0,0.4506,0.375,0.3386,0.0,1.0,0.0756
Distritos disputados D vs R,250.0,0.9247,1.0,0.1502,0.0,1.0,-0.0753
Swing D,250.0,-0.0064,-0.0042,0.0862,-0.3316,0.3184,-0.0022
Swing del partido del presidente,250.0,-0.0544,-0.05,0.0671,-0.3316,0.2727,-0.0045
Roll-off Cámara (presidencial anterior),250.0,0.0548,0.0404,0.055,-0.0215,0.4664,0.0143
