state,house_seats,pres_dem_share_2p_prev,house_dem_share_2p_prev,cuota_d_predicha,cambio_vs_2024 (pp)
WY,1,0.2652,0.2476,0.3191,7.1479
WV,2,0.2866,0.2879,0.3442,5.6319
ID,2,0.3124,0.2965,0.3578,6.1284
ND,1,0.313,0.3048,0.3615,5.6692
SD,1,0.3505,0.2796,0.3654,8.5821
KY,6,0.3449,0.2689,0.3793,11.0404
AR,4,0.3433,0.3194,0.3793,5.9907
OK,5,0.3253,0.3228,0.3805,5.7719
AL,7,0.3456,0.2557,0.3839,12.8192
TN,9,0.3494,0.3416,0.3972,5.5552
UT,4,0.3889,0.3412,0.406,6.4845
MS,4,0.3843,0.3012,0.4099,10.8681
NE,3,0.3958,0.3638,0.4182,5.4374
LA,6,0.3882,0.3427,0.4306,8.7902
MT,2,0.3971,0.404,0.4355,3.1509
SC,7,0.4094,0.3953,0.4446,4.9283
IN,9,0.4035,0.3981,0.4479,4.9798
MO,8,0.4066,0.3968,0.4501,5.33
KS,4,0.4179,0.4125,0.461,4.8538
IA,4,0.4328,0.4349,0.4622,2.7336
FL,28,0.4339,0.4207,0.4738,5.3145
TX,38,0.4306,0.4088,0.4766,6.7822
OH,15,0.4434,0.4342,0.4846,5.0417
AK,1,0.4315,0.4948,0.4868,-0.7983
NC,14,0.4837,0.4484,0.5083,5.9889
AZ,9,0.4721,0.4799,0.5148,3.4937
GA,14,0.489,0.474,0.5202,4.622
WI,8,0.4956,0.4851,0.5214,3.6346
NV,4,0.4842,0.4354,0.5325,9.7131
PA,17,0.4914,0.4895,0.5327,4.3168
MI,13,0.4928,0.4936,0.5357,4.2115
MN,8,0.5217,0.5047,0.5537,4.897
VA,11,0.5295,0.519,0.5652,4.6207
NJ,12,0.5301,0.5364,0.5841,4.7725
CO,8,0.5565,0.5607,0.5906,2.9859
NH,2,0.5141,0.5351,0.5913,5.6239
IL,17,0.5557,0.5292,0.5991,6.9857
NM,3,0.5307,0.5507,0.6043,5.3582
ME,2,0.5354,0.5613,0.6105,4.9236
OR,6,0.5743,0.5579,0.6148,5.6942
NY,26,0.5634,0.5875,0.6173,2.9813
DE,1,0.5748,0.5786,0.633,5.4396
WA,10,0.5946,0.5751,0.6348,5.9668
CT,5,0.5738,0.5897,0.6373,4.7558
RI,2,0.5708,0.6191,0.6484,2.9311
CA,52,0.604,0.6065,0.6495,4.3048
MD,8,0.6475,0.6468,0.6827,3.5862
HI,2,0.6178,0.7027,0.7016,-0.1131
MA,9,0.6296,0.8868,0.8094,-7.7369
VT,1,0.6639,1.0,0.8776,-12.2432
